--------------------------------------------------------
--  File created - Monday-January-13-2025   --
--------------------------------------------------------
--------------------------------------------------------
--  DDL for Table FEEDBACK  --
--------------------------------------------------------

  CREATE TABLE "SYSTEM"."FEEDBACK" 
   (	"ID_FEEDBACK" NUMBER, 
	"RATING_FEEDBACK" VARCHAR2(20 BYTE), 
	"COMENTARIU_FEEDBACK" VARCHAR2(100 BYTE), 
	"DATA_FEEDBACK" VARCHAR2(25 BYTE), 
	"ID_PROGRAMARE" NUMBER, 
	"CNP_CLIENT" NUMBER
   ) PCTFREE 10 PCTUSED 40 INITRANS 1 MAXTRANS 255 
 NOCOMPRESS LOGGING
  STORAGE(INITIAL 65536 NEXT 1048576 MINEXTENTS 1 MAXEXTENTS 2147483645
  PCTINCREASE 0 FREELISTS 1 FREELIST GROUPS 1
  BUFFER_POOL DEFAULT FLASH_CACHE DEFAULT CELL_FLASH_CACHE DEFAULT)
  TABLESPACE "SYSTEM" ;
--------------------------------------------------------
--  DDL for Table ANGAJAT
--------------------------------------------------------

  CREATE TABLE "SYSTEM"."ANGAJAT" 
   (	"CNP_ANGAJAT" NUMBER, 
	"NUME_ANGAJAT" VARCHAR2(20 BYTE), 
	"PREUME_ANGAJAT" VARCHAR2(20 BYTE), 
	"NR_TEL_ANGAJAT" NUMBER, 
	"EMAIL_ANGAJAT" VARCHAR2(30 BYTE), 
	"FUNCTIE_ANGAJAT" VARCHAR2(20 BYTE), 
	"DATA_ANGAJARE" DATE, 
	"SALARIU_ANGAJAT" VARCHAR2(20 BYTE), 
	"ID_PROGRAMARE" NUMBER
   ) PCTFREE 10 PCTUSED 40 INITRANS 1 MAXTRANS 255 
 NOCOMPRESS LOGGING
  STORAGE(INITIAL 65536 NEXT 1048576 MINEXTENTS 1 MAXEXTENTS 2147483645
  PCTINCREASE 0 FREELISTS 1 FREELIST GROUPS 1
  BUFFER_POOL DEFAULT FLASH_CACHE DEFAULT CELL_FLASH_CACHE DEFAULT)
  TABLESPACE "SYSTEM" ;
--------------------------------------------------------
--  DDL for Table CLIENT
--------------------------------------------------------

  CREATE TABLE "SYSTEM"."CLIENT" 
   (	"CNP_CLIENT" NUMBER, 
	"NUME_CLIENT" VARCHAR2(20 BYTE), 
	"PRENUM_CLIENT" VARCHAR2(20 BYTE), 
	"NR_TEL_CLIENT" NUMBER, 
	"EMAIL_CLIENT" VARCHAR2(35 BYTE), 
	"ADRESA_CLIENT" VARCHAR2(35 BYTE)
   ) PCTFREE 10 PCTUSED 40 INITRANS 1 MAXTRANS 255 
 NOCOMPRESS LOGGING
  STORAGE(INITIAL 65536 NEXT 1048576 MINEXTENTS 1 MAXEXTENTS 2147483645
  PCTINCREASE 0 FREELISTS 1 FREELIST GROUPS 1
  BUFFER_POOL DEFAULT FLASH_CACHE DEFAULT CELL_FLASH_CACHE DEFAULT)
  TABLESPACE "SYSTEM" ;
--------------------------------------------------------
--  DDL for Table FURNIZOR
--------------------------------------------------------

  CREATE TABLE "SYSTEM"."FURNIZOR" 
   (	"ID_FURNIZOR" NUMBER, 
	"NUME_FURNIZOR" VARCHAR2(35 BYTE), 
	"NR_TEL_FURNIZOR" NUMBER, 
	"EMAIL_FURNZIOR" VARCHAR2(35 BYTE), 
	"ADRESA_FURNIZOR" VARCHAR2(35 BYTE)
   ) PCTFREE 10 PCTUSED 40 INITRANS 1 MAXTRANS 255 
 NOCOMPRESS LOGGING
  STORAGE(INITIAL 65536 NEXT 1048576 MINEXTENTS 1 MAXEXTENTS 2147483645
  PCTINCREASE 0 FREELISTS 1 FREELIST GROUPS 1
  BUFFER_POOL DEFAULT FLASH_CACHE DEFAULT CELL_FLASH_CACHE DEFAULT)
  TABLESPACE "SYSTEM" ;
--------------------------------------------------------
--  DDL for Table INVENTAR
--------------------------------------------------------

  CREATE TABLE "SYSTEM"."INVENTAR" 
   (	"ID_INVENTAR" NUMBER, 
	"DATA_INVENTAR" DATE, 
	"STOC_INITIAL" NUMBER, 
	"STOC_FINAL" NUMBER, 
	"OBSERVATII" VARCHAR2(50 BYTE), 
	"ID_MATERIALE" NUMBER
   ) PCTFREE 10 PCTUSED 40 INITRANS 1 MAXTRANS 255 
 NOCOMPRESS LOGGING
  STORAGE(INITIAL 65536 NEXT 1048576 MINEXTENTS 1 MAXEXTENTS 2147483645
  PCTINCREASE 0 FREELISTS 1 FREELIST GROUPS 1
  BUFFER_POOL DEFAULT FLASH_CACHE DEFAULT CELL_FLASH_CACHE DEFAULT)
  TABLESPACE "SYSTEM" ;
--------------------------------------------------------
--  DDL for Table MASINA
--------------------------------------------------------

  CREATE TABLE "SYSTEM"."MASINA" 
   (	"SERIE_SASIU_MASINA" NUMBER, 
	"MARCA_MASINA" VARCHAR2(25 BYTE), 
	"MODEL_MASINA" VARCHAR2(20 BYTE), 
	"NR_INMATRICULARE_MASINA" VARCHAR2(20 BYTE), 
	"CULOARE_MASINA" VARCHAR2(20 BYTE), 
	"CNP_CLIENT" NUMBER
   ) PCTFREE 10 PCTUSED 40 INITRANS 1 MAXTRANS 255 
 NOCOMPRESS LOGGING
  STORAGE(INITIAL 65536 NEXT 1048576 MINEXTENTS 1 MAXEXTENTS 2147483645
  PCTINCREASE 0 FREELISTS 1 FREELIST GROUPS 1
  BUFFER_POOL DEFAULT FLASH_CACHE DEFAULT CELL_FLASH_CACHE DEFAULT)
  TABLESPACE "SYSTEM" ;
--------------------------------------------------------
--  DDL for Table MATERIALE
--------------------------------------------------------

  CREATE TABLE "SYSTEM"."MATERIALE" 
   (	"ID_MATERIALE" NUMBER, 
	"DENUMIRE_MATERIAL" VARCHAR2(100 BYTE), 
	"DESCRIERE_MATERIAL" VARCHAR2(100 BYTE), 
	"STOC_MATERIAL" NUMBER, 
	"PRET_MATERIAL" VARCHAR2(20 BYTE), 
	"ID_FURNIZOR" NUMBER
   ) PCTFREE 10 PCTUSED 40 INITRANS 1 MAXTRANS 255 
 NOCOMPRESS LOGGING
  STORAGE(INITIAL 65536 NEXT 1048576 MINEXTENTS 1 MAXEXTENTS 2147483645
  PCTINCREASE 0 FREELISTS 1 FREELIST GROUPS 1
  BUFFER_POOL DEFAULT FLASH_CACHE DEFAULT CELL_FLASH_CACHE DEFAULT)
  TABLESPACE "SYSTEM" ;
--------------------------------------------------------
--  DDL for Table PLATA
--------------------------------------------------------

  CREATE TABLE "SYSTEM"."PLATA" 
   (	"ID_PLATA" NUMBER, 
	"DATA_PLATA" DATE, 
	"SUMA_TOTALA_PLATA" VARCHAR2(20 BYTE), 
	"METODA_PLATA" VARCHAR2(20 BYTE), 
	"ID_PROGRAMARE" NUMBER, 
	"CNP_CLIENT" NUMBER
   ) PCTFREE 10 PCTUSED 40 INITRANS 1 MAXTRANS 255 
 NOCOMPRESS LOGGING
  STORAGE(INITIAL 65536 NEXT 1048576 MINEXTENTS 1 MAXEXTENTS 2147483645
  PCTINCREASE 0 FREELISTS 1 FREELIST GROUPS 1
  BUFFER_POOL DEFAULT FLASH_CACHE DEFAULT CELL_FLASH_CACHE DEFAULT)
  TABLESPACE "SYSTEM" ;
--------------------------------------------------------
--  DDL for Table PROGRAMARE
--------------------------------------------------------

  CREATE TABLE "SYSTEM"."PROGRAMARE" 
   (	"ID_PROGRAMARE" NUMBER, 
	"DATA_PROGRAMARE" DATE, 
	"ORA_PROGRAMARE" VARCHAR2(20 BYTE), 
	"STATUS_PROGRAMARE" VARCHAR2(20 BYTE), 
	"CNP_CLIENT" NUMBER, 
	"SERIE_SASIU_MASINA" NUMBER, 
	"CNP_ANGAJAT" NUMBER, 
	"ID_SERVICIU" NUMBER, 
	"ID_PROMOTIE" NUMBER
   ) PCTFREE 10 PCTUSED 40 INITRANS 1 MAXTRANS 255 
 NOCOMPRESS LOGGING
  STORAGE(INITIAL 65536 NEXT 1048576 MINEXTENTS 1 MAXEXTENTS 2147483645
  PCTINCREASE 0 FREELISTS 1 FREELIST GROUPS 1
  BUFFER_POOL DEFAULT FLASH_CACHE DEFAULT CELL_FLASH_CACHE DEFAULT)
  TABLESPACE "SYSTEM" ;
--------------------------------------------------------
--  DDL for Table PROMOTIE
--------------------------------------------------------

  CREATE TABLE "SYSTEM"."PROMOTIE" 
   (	"ID_PROMOTIE" NUMBER, 
	"NUME_PROMOTIE" VARCHAR2(30 BYTE), 
	"DESCRIERE_PROMOTIE" VARCHAR2(150 BYTE), 
	"DATA_INCEPERE_PROMOTIE" DATE, 
	"DATA_SFARSIT_PROMOTIE" DATE, 
	"PROCENT_DISCOUNT" NUMBER(5,2)
   ) PCTFREE 10 PCTUSED 40 INITRANS 1 MAXTRANS 255 
 NOCOMPRESS LOGGING
  STORAGE(INITIAL 65536 NEXT 1048576 MINEXTENTS 1 MAXEXTENTS 2147483645
  PCTINCREASE 0 FREELISTS 1 FREELIST GROUPS 1
  BUFFER_POOL DEFAULT FLASH_CACHE DEFAULT CELL_FLASH_CACHE DEFAULT)
  TABLESPACE "SYSTEM" ;
--------------------------------------------------------
--  DDL for Table SERVICU
--------------------------------------------------------

  CREATE TABLE "SYSTEM"."SERVICU" 
   (	"ID_SERVICIU" NUMBER, 
	"NUME_SERVICIU" VARCHAR2(30 BYTE), 
	"DESCRIERE_SERVICIU" VARCHAR2(100 BYTE), 
	"PRET_SERVICIU" NUMBER, 
	"TIP_SERVICIU" VARCHAR2(30 BYTE), 
	"DURATA_SERVICIU" NUMBER, 
	"ID_PROGRAMARE" NUMBER
   ) PCTFREE 10 PCTUSED 40 INITRANS 1 MAXTRANS 255 
 NOCOMPRESS LOGGING
  STORAGE(INITIAL 65536 NEXT 1048576 MINEXTENTS 1 MAXEXTENTS 2147483645
  PCTINCREASE 0 FREELISTS 1 FREELIST GROUPS 1
  BUFFER_POOL DEFAULT FLASH_CACHE DEFAULT CELL_FLASH_CACHE DEFAULT)
  TABLESPACE "SYSTEM" ;
REM INSERTING into SYSTEM.FEEDBACK
SET DEFINE OFF;
Insert into SYSTEM.FEEDBACK (ID_FEEDBACK,RATING_FEEDBACK,COMENTARIU_FEEDBACK,DATA_FEEDBACK,ID_PROGRAMARE,CNP_CLIENT) values (1,'Excelent','Serviciu rapid și de calitate!','2025-01-15',1,1960501045678);
Insert into SYSTEM.FEEDBACK (ID_FEEDBACK,RATING_FEEDBACK,COMENTARIU_FEEDBACK,DATA_FEEDBACK,ID_PROGRAMARE,CNP_CLIENT) values (2,'Bun','Sunt mulțumit de curățenie, dar aș dori o mai mare atenție la detalii.','2025-01-16',2,1970612134567);
Insert into SYSTEM.FEEDBACK (ID_FEEDBACK,RATING_FEEDBACK,COMENTARIU_FEEDBACK,DATA_FEEDBACK,ID_PROGRAMARE,CNP_CLIENT) values (3,'Mediu','Aș vrea ca timpul de așteptare să fie mai scurt.','2025-01-17',3,1980324123456);
Insert into SYSTEM.FEEDBACK (ID_FEEDBACK,RATING_FEEDBACK,COMENTARIU_FEEDBACK,DATA_FEEDBACK,ID_PROGRAMARE,CNP_CLIENT) values (4,'Excelent','Mă simt foarte mulțumit de serviciile oferite. Voi reveni cu siguranță!','2025-01-18',4,1990113145678);
Insert into SYSTEM.FEEDBACK (ID_FEEDBACK,RATING_FEEDBACK,COMENTARIU_FEEDBACK,DATA_FEEDBACK,ID_PROGRAMARE,CNP_CLIENT) values (5,'Bun','Serviciul a fost bun, dar prețul mi se pare puțin cam mare pentru ceea ce am primit.','2025-01-19',5,1960817123456);
Insert into SYSTEM.FEEDBACK (ID_FEEDBACK,RATING_FEEDBACK,COMENTARIU_FEEDBACK,DATA_FEEDBACK,ID_PROGRAMARE,CNP_CLIENT) values (6,'Mediu','Nu sunt mulțumit de cum a fost spălată mașina mea. Unele zone au fost lăsate necurățate.','2025-01-20',6,1990706154567);
Insert into SYSTEM.FEEDBACK (ID_FEEDBACK,RATING_FEEDBACK,COMENTARIU_FEEDBACK,DATA_FEEDBACK,ID_PROGRAMARE,CNP_CLIENT) values (7,'Excelent','Foarte bună curățenia, personalul a fost prietenos și serviciul rapid.','2025-01-21',7,1970912056789);
Insert into SYSTEM.FEEDBACK (ID_FEEDBACK,RATING_FEEDBACK,COMENTARIU_FEEDBACK,DATA_FEEDBACK,ID_PROGRAMARE,CNP_CLIENT) values (8,'Bun','Totul a fost ok, dar cred că ar putea îmbunătăți serviciul de uscare.','2025-01-22',8,1980321012345);
Insert into SYSTEM.FEEDBACK (ID_FEEDBACK,RATING_FEEDBACK,COMENTARIU_FEEDBACK,DATA_FEEDBACK,ID_PROGRAMARE,CNP_CLIENT) values (9,'Excelent','Foarte rapid și eficient. Mașina mea arată ca nouă!','2025-01-23',9,1990305145678);
Insert into SYSTEM.FEEDBACK (ID_FEEDBACK,RATING_FEEDBACK,COMENTARIU_FEEDBACK,DATA_FEEDBACK,ID_PROGRAMARE,CNP_CLIENT) values (10,'Mediu','În general, serviciul a fost ok, dar timpul de așteptare a fost prea lung.','2025-01-24',10,1970719023456);
Insert into SYSTEM.FEEDBACK (ID_FEEDBACK,RATING_FEEDBACK,COMENTARIU_FEEDBACK,DATA_FEEDBACK,ID_PROGRAMARE,CNP_CLIENT) values (11,'Excelent','Serviciu ireproșabil! Mașina arată ca nouă, mulțumesc!','2025-01-25',11,1980423034567);
Insert into SYSTEM.FEEDBACK (ID_FEEDBACK,RATING_FEEDBACK,COMENTARIU_FEEDBACK,DATA_FEEDBACK,ID_PROGRAMARE,CNP_CLIENT) values (12,'Bun','Serviciul a fost destul de bun, dar mai sunt câteva detalii de îmbunătățit.','2025-01-26',12,1990812123456);
Insert into SYSTEM.FEEDBACK (ID_FEEDBACK,RATING_FEEDBACK,COMENTARIU_FEEDBACK,DATA_FEEDBACK,ID_PROGRAMARE,CNP_CLIENT) values (13,'Mediu','Am avut câteva probleme cu timpul de așteptare. Poate îmbunătăți acest aspect.','2025-01-27',13,1960913023456);
Insert into SYSTEM.FEEDBACK (ID_FEEDBACK,RATING_FEEDBACK,COMENTARIU_FEEDBACK,DATA_FEEDBACK,ID_PROGRAMARE,CNP_CLIENT) values (14,'Excelent','Vă mulțumesc pentru serviciul excelent! Voi reveni cu siguranță!','2025-01-28',14,1980427134567);
Insert into SYSTEM.FEEDBACK (ID_FEEDBACK,RATING_FEEDBACK,COMENTARIU_FEEDBACK,DATA_FEEDBACK,ID_PROGRAMARE,CNP_CLIENT) values (15,'Bun','Un serviciu decent, dar aș dori ca prețurile să fie mai accesibile.','2025-01-29',15,1970603145678);
Insert into SYSTEM.FEEDBACK (ID_FEEDBACK,RATING_FEEDBACK,COMENTARIU_FEEDBACK,DATA_FEEDBACK,ID_PROGRAMARE,CNP_CLIENT) values (16,'Mediu','Am fost mulțumit, dar unele zone ale mașinii nu au fost curățate corespunzător.','2025-01-30',16,1990212087654);
Insert into SYSTEM.FEEDBACK (ID_FEEDBACK,RATING_FEEDBACK,COMENTARIU_FEEDBACK,DATA_FEEDBACK,ID_PROGRAMARE,CNP_CLIENT) values (17,'Excelent','Un serviciu rapid și de calitate! Mă simt mulțumit!','2025-02-01',17,1960620145678);
Insert into SYSTEM.FEEDBACK (ID_FEEDBACK,RATING_FEEDBACK,COMENTARIU_FEEDBACK,DATA_FEEDBACK,ID_PROGRAMARE,CNP_CLIENT) values (18,'Bun','Totul a fost bine, dar am așteptat mai mult decât mi-aș fi dorit.','2025-02-02',18,1980513098765);
Insert into SYSTEM.FEEDBACK (ID_FEEDBACK,RATING_FEEDBACK,COMENTARIU_FEEDBACK,DATA_FEEDBACK,ID_PROGRAMARE,CNP_CLIENT) values (19,'Mediu','Serviciul a fost ok, dar aș dori o mai mare atenție la curățarea interioarelor.','2025-02-03',19,1990215056789);
Insert into SYSTEM.FEEDBACK (ID_FEEDBACK,RATING_FEEDBACK,COMENTARIU_FEEDBACK,DATA_FEEDBACK,ID_PROGRAMARE,CNP_CLIENT) values (20,'Excelent','Serviciu excelent, ca de fiecare dată. Mașina este impecabilă!','2025-02-04',20,1971201054321);
REM INSERTING into SYSTEM.ANGAJAT
SET DEFINE OFF;
Insert into SYSTEM.ANGAJAT (CNP_ANGAJAT,NUME_ANGAJAT,PREUME_ANGAJAT,NR_TEL_ANGAJAT,EMAIL_ANGAJAT,FUNCTIE_ANGAJAT,DATA_ANGAJARE,SALARIU_ANGAJAT,ID_PROGRAMARE) values (1970701012345,'Popescu','Ion',745123456,'ion.popescu@email.com','Spalator',to_date('15-MAY-22','DD-MON-RR'),'2500',3);
Insert into SYSTEM.ANGAJAT (CNP_ANGAJAT,NUME_ANGAJAT,PREUME_ANGAJAT,NR_TEL_ANGAJAT,EMAIL_ANGAJAT,FUNCTIE_ANGAJAT,DATA_ANGAJARE,SALARIU_ANGAJAT,ID_PROGRAMARE) values (1980102123456,'Ionescu','Maria',734123456,'maria.ionescu@email.com','Manager',to_date('01-MAR-21','DD-MON-RR'),'4500',2);
Insert into SYSTEM.ANGAJAT (CNP_ANGAJAT,NUME_ANGAJAT,PREUME_ANGAJAT,NR_TEL_ANGAJAT,EMAIL_ANGAJAT,FUNCTIE_ANGAJAT,DATA_ANGAJARE,SALARIU_ANGAJAT,ID_PROGRAMARE) values (1950603145678,'Vasilescu','Andrei',723123456,'andrei.vasilescu@email.com','Spalator',to_date('10-JAN-23','DD-MON-RR'),'2200',15);
Insert into SYSTEM.ANGAJAT (CNP_ANGAJAT,NUME_ANGAJAT,PREUME_ANGAJAT,NR_TEL_ANGAJAT,EMAIL_ANGAJAT,FUNCTIE_ANGAJAT,DATA_ANGAJARE,SALARIU_ANGAJAT,ID_PROGRAMARE) values (1960914098765,'Georgescu','Ana',712123456,'ana.georgescu@email.com','Lacatus',to_date('22-JUL-20','DD-MON-RR'),'2300',1);
Insert into SYSTEM.ANGAJAT (CNP_ANGAJAT,NUME_ANGAJAT,PREUME_ANGAJAT,NR_TEL_ANGAJAT,EMAIL_ANGAJAT,FUNCTIE_ANGAJAT,DATA_ANGAJARE,SALARIU_ANGAJAT,ID_PROGRAMARE) values (1990205054321,'Dumitru','Alexandru',746234567,'alexandru.dumitru@email.com','Manager',to_date('25-NOV-19','DD-MON-RR'),'5000',6);
Insert into SYSTEM.ANGAJAT (CNP_ANGAJAT,NUME_ANGAJAT,PREUME_ANGAJAT,NR_TEL_ANGAJAT,EMAIL_ANGAJAT,FUNCTIE_ANGAJAT,DATA_ANGAJARE,SALARIU_ANGAJAT,ID_PROGRAMARE) values (1951123198765,'Marinescu','Elena',732123456,'elena.marinescu@email.com','Consultant',to_date('15-JUN-22','DD-MON-RR'),'4000',5);
Insert into SYSTEM.ANGAJAT (CNP_ANGAJAT,NUME_ANGAJAT,PREUME_ANGAJAT,NR_TEL_ANGAJAT,EMAIL_ANGAJAT,FUNCTIE_ANGAJAT,DATA_ANGAJARE,SALARIU_ANGAJAT,ID_PROGRAMARE) values (1960203098765,'Pascu','Florin',754123456,'florin.pascu@email.com','Spalator',to_date('19-SEP-21','DD-MON-RR'),'2400',14);
Insert into SYSTEM.ANGAJAT (CNP_ANGAJAT,NUME_ANGAJAT,PREUME_ANGAJAT,NR_TEL_ANGAJAT,EMAIL_ANGAJAT,FUNCTIE_ANGAJAT,DATA_ANGAJARE,SALARIU_ANGAJAT,ID_PROGRAMARE) values (1980707012345,'Popa','Iuliana',765123456,'iuliana.popa@email.com','Asistent Manager',to_date('05-DEC-20','DD-MON-RR'),'3800',4);
Insert into SYSTEM.ANGAJAT (CNP_ANGAJAT,NUME_ANGAJAT,PREUME_ANGAJAT,NR_TEL_ANGAJAT,EMAIL_ANGAJAT,FUNCTIE_ANGAJAT,DATA_ANGAJARE,SALARIU_ANGAJAT,ID_PROGRAMARE) values (1970912201234,'Stan','Mihai',723125516,'mihai.stan@email.com','Spalator',to_date('20-OCT-22','DD-MON-RR'),'2500',13);
Insert into SYSTEM.ANGAJAT (CNP_ANGAJAT,NUME_ANGAJAT,PREUME_ANGAJAT,NR_TEL_ANGAJAT,EMAIL_ANGAJAT,FUNCTIE_ANGAJAT,DATA_ANGAJARE,SALARIU_ANGAJAT,ID_PROGRAMARE) values (1950314198765,'Vasile','Gheorghe',756123456,'gheorghe.vasile@email.com','Manager',to_date('15-NOV-20','DD-MON-RR'),'4700',7);
Insert into SYSTEM.ANGAJAT (CNP_ANGAJAT,NUME_ANGAJAT,PREUME_ANGAJAT,NR_TEL_ANGAJAT,EMAIL_ANGAJAT,FUNCTIE_ANGAJAT,DATA_ANGAJARE,SALARIU_ANGAJAT,ID_PROGRAMARE) values (1961201135678,'Tudor','Marius',772123456,'marius.tudor@email.com','Lacatus',to_date('11-FEB-21','DD-MON-RR'),'2100',8);
Insert into SYSTEM.ANGAJAT (CNP_ANGAJAT,NUME_ANGAJAT,PREUME_ANGAJAT,NR_TEL_ANGAJAT,EMAIL_ANGAJAT,FUNCTIE_ANGAJAT,DATA_ANGAJARE,SALARIU_ANGAJAT,ID_PROGRAMARE) values (1980902034567,'Nistor','Victor',747234567,'victor.nistor@email.com','Spalator',to_date('01-APR-22','DD-MON-RR'),'2600',12);
Insert into SYSTEM.ANGAJAT (CNP_ANGAJAT,NUME_ANGAJAT,PREUME_ANGAJAT,NR_TEL_ANGAJAT,EMAIL_ANGAJAT,FUNCTIE_ANGAJAT,DATA_ANGAJARE,SALARIU_ANGAJAT,ID_PROGRAMARE) values (1970101012346,'Florea','Gabriela',755123456,'gabriela.florea@email.com','Consultant',to_date('13-SEP-20','DD-MON-RR'),'3300',11);
Insert into SYSTEM.ANGAJAT (CNP_ANGAJAT,NUME_ANGAJAT,PREUME_ANGAJAT,NR_TEL_ANGAJAT,EMAIL_ANGAJAT,FUNCTIE_ANGAJAT,DATA_ANGAJARE,SALARIU_ANGAJAT,ID_PROGRAMARE) values (1981012045678,'Ciobanu','Alina',746234567,'alina.ciobanu@email.com','Manager',to_date('10-DEC-21','DD-MON-RR'),'4800',9);
Insert into SYSTEM.ANGAJAT (CNP_ANGAJAT,NUME_ANGAJAT,PREUME_ANGAJAT,NR_TEL_ANGAJAT,EMAIL_ANGAJAT,FUNCTIE_ANGAJAT,DATA_ANGAJARE,SALARIU_ANGAJAT,ID_PROGRAMARE) values (1950401056789,'Tudose','Florentina',743345678,'florentina.tudose@email.com','Spalator',to_date('05-AUG-21','DD-MON-RR'),'2200',10);
Insert into SYSTEM.ANGAJAT (CNP_ANGAJAT,NUME_ANGAJAT,PREUME_ANGAJAT,NR_TEL_ANGAJAT,EMAIL_ANGAJAT,FUNCTIE_ANGAJAT,DATA_ANGAJARE,SALARIU_ANGAJAT,ID_PROGRAMARE) values (1980505123456,'Sima','Gabriel',725595870,'gabriel.sima@email.com','Lacatus',to_date('18-DEC-20','DD-MON-RR'),'2400',null);
Insert into SYSTEM.ANGAJAT (CNP_ANGAJAT,NUME_ANGAJAT,PREUME_ANGAJAT,NR_TEL_ANGAJAT,EMAIL_ANGAJAT,FUNCTIE_ANGAJAT,DATA_ANGAJARE,SALARIU_ANGAJAT,ID_PROGRAMARE) values (1990223045678,'Roman','Victor',725786511,'victor.roman@email.com','Spalator',to_date('25-MAR-21','DD-MON-RR'),'2500',null);
Insert into SYSTEM.ANGAJAT (CNP_ANGAJAT,NUME_ANGAJAT,PREUME_ANGAJAT,NR_TEL_ANGAJAT,EMAIL_ANGAJAT,FUNCTIE_ANGAJAT,DATA_ANGAJARE,SALARIU_ANGAJAT,ID_PROGRAMARE) values (1960707034567,'Dima','Lucian',745234567,'lucian.dima@email.com','Asistent Manager',to_date('12-MAY-22','DD-MON-RR'),'3900',null);
Insert into SYSTEM.ANGAJAT (CNP_ANGAJAT,NUME_ANGAJAT,PREUME_ANGAJAT,NR_TEL_ANGAJAT,EMAIL_ANGAJAT,FUNCTIE_ANGAJAT,DATA_ANGAJARE,SALARIU_ANGAJAT,ID_PROGRAMARE) values (1980105012346,'Neagu','Mihaela',755123456,'mihaela.neagu@email.com','Consultant',to_date('05-JAN-23','DD-MON-RR'),'4000',null);
Insert into SYSTEM.ANGAJAT (CNP_ANGAJAT,NUME_ANGAJAT,PREUME_ANGAJAT,NR_TEL_ANGAJAT,EMAIL_ANGAJAT,FUNCTIE_ANGAJAT,DATA_ANGAJARE,SALARIU_ANGAJAT,ID_PROGRAMARE) values (1990806045678,'Matei','Ioana',748234567,'ioana.matei@email.com','Spalator',to_date('10-APR-21','DD-MON-RR'),'2300',18);
Insert into SYSTEM.ANGAJAT (CNP_ANGAJAT,NUME_ANGAJAT,PREUME_ANGAJAT,NR_TEL_ANGAJAT,EMAIL_ANGAJAT,FUNCTIE_ANGAJAT,DATA_ANGAJARE,SALARIU_ANGAJAT,ID_PROGRAMARE) values (1960407065432,'Sorin','Vlad',736123456,'sorin.vlad@email.com','Manager',to_date('15-JUN-20','DD-MON-RR'),'5000',null);
Insert into SYSTEM.ANGAJAT (CNP_ANGAJAT,NUME_ANGAJAT,PREUME_ANGAJAT,NR_TEL_ANGAJAT,EMAIL_ANGAJAT,FUNCTIE_ANGAJAT,DATA_ANGAJARE,SALARIU_ANGAJAT,ID_PROGRAMARE) values (1970112145678,'Cazacu','Mihail',744123456,'mihail.cazacu@email.com','Spalator',to_date('01-MAY-21','DD-MON-RR'),'2400',null);
Insert into SYSTEM.ANGAJAT (CNP_ANGAJAT,NUME_ANGAJAT,PREUME_ANGAJAT,NR_TEL_ANGAJAT,EMAIL_ANGAJAT,FUNCTIE_ANGAJAT,DATA_ANGAJARE,SALARIU_ANGAJAT,ID_PROGRAMARE) values (1961010154567,'Grigorescu','Diana',725123456,'diana.grigorescu@email.com','Consultant',to_date('15-JAN-22','DD-MON-RR'),'3800',17);
Insert into SYSTEM.ANGAJAT (CNP_ANGAJAT,NUME_ANGAJAT,PREUME_ANGAJAT,NR_TEL_ANGAJAT,EMAIL_ANGAJAT,FUNCTIE_ANGAJAT,DATA_ANGAJARE,SALARIU_ANGAJAT,ID_PROGRAMARE) values (1981205134567,'Dinca','Mihai',732123456,'mihai.dinca@email.com','Asistent Manager',to_date('30-OCT-20','DD-MON-RR'),'4500',null);
Insert into SYSTEM.ANGAJAT (CNP_ANGAJAT,NUME_ANGAJAT,PREUME_ANGAJAT,NR_TEL_ANGAJAT,EMAIL_ANGAJAT,FUNCTIE_ANGAJAT,DATA_ANGAJARE,SALARIU_ANGAJAT,ID_PROGRAMARE) values (1990100512345,'Ciobotaru','Laura',746234567,'laura.ciobotaru@email.com','Lacatus',to_date('02-NOV-21','DD-MON-RR'),'2200',null);
Insert into SYSTEM.ANGAJAT (CNP_ANGAJAT,NUME_ANGAJAT,PREUME_ANGAJAT,NR_TEL_ANGAJAT,EMAIL_ANGAJAT,FUNCTIE_ANGAJAT,DATA_ANGAJARE,SALARIU_ANGAJAT,ID_PROGRAMARE) values (1970322198765,'Neagu','Andreea',753123456,'andreea.neagu@email.com','Spalator',to_date('12-AUG-21','DD-MON-RR'),'2500',null);
Insert into SYSTEM.ANGAJAT (CNP_ANGAJAT,NUME_ANGAJAT,PREUME_ANGAJAT,NR_TEL_ANGAJAT,EMAIL_ANGAJAT,FUNCTIE_ANGAJAT,DATA_ANGAJARE,SALARIU_ANGAJAT,ID_PROGRAMARE) values (1960312156789,'Romanescu','Daniela',748234567,'daniela.romanescu@email.com','Consultant',to_date('08-MAR-22','DD-MON-RR'),'3500',null);
Insert into SYSTEM.ANGAJAT (CNP_ANGAJAT,NUME_ANGAJAT,PREUME_ANGAJAT,NR_TEL_ANGAJAT,EMAIL_ANGAJAT,FUNCTIE_ANGAJAT,DATA_ANGAJARE,SALARIU_ANGAJAT,ID_PROGRAMARE) values (1990603123456,'Iordache','Cosmin',756234567,'cosmin.iordache@email.com','Spalator',to_date('14-JUL-20','DD-MON-RR'),'2300',null);
Insert into SYSTEM.ANGAJAT (CNP_ANGAJAT,NUME_ANGAJAT,PREUME_ANGAJAT,NR_TEL_ANGAJAT,EMAIL_ANGAJAT,FUNCTIE_ANGAJAT,DATA_ANGAJARE,SALARIU_ANGAJAT,ID_PROGRAMARE) values (1961008065432,'Zaharia','Oana',725798144,'oana.zaharia@email.com','Manager',to_date('01-MAY-22','DD-MON-RR'),'4800',16);
Insert into SYSTEM.ANGAJAT (CNP_ANGAJAT,NUME_ANGAJAT,PREUME_ANGAJAT,NR_TEL_ANGAJAT,EMAIL_ANGAJAT,FUNCTIE_ANGAJAT,DATA_ANGAJARE,SALARIU_ANGAJAT,ID_PROGRAMARE) values (1970908134567,'Stoica','Radu',725123456,'radu.stoica@email.com','Lacatus',to_date('19-DEC-20','DD-MON-RR'),'2400',null);
Insert into SYSTEM.ANGAJAT (CNP_ANGAJAT,NUME_ANGAJAT,PREUME_ANGAJAT,NR_TEL_ANGAJAT,EMAIL_ANGAJAT,FUNCTIE_ANGAJAT,DATA_ANGAJARE,SALARIU_ANGAJAT,ID_PROGRAMARE) values (1980908134567,'Lazar','Elena',743123456,'elena.lazar@email.com','Spalator',to_date('14-JUN-21','DD-MON-RR'),'2400',null);
Insert into SYSTEM.ANGAJAT (CNP_ANGAJAT,NUME_ANGAJAT,PREUME_ANGAJAT,NR_TEL_ANGAJAT,EMAIL_ANGAJAT,FUNCTIE_ANGAJAT,DATA_ANGAJARE,SALARIU_ANGAJAT,ID_PROGRAMARE) values (1990302134567,'Munteanu','Ionut',734123456,'ionut.munteanu@email.com','Spalator',to_date('03-JUN-20','DD-MON-RR'),'2200',20);
Insert into SYSTEM.ANGAJAT (CNP_ANGAJAT,NUME_ANGAJAT,PREUME_ANGAJAT,NR_TEL_ANGAJAT,EMAIL_ANGAJAT,FUNCTIE_ANGAJAT,DATA_ANGAJARE,SALARIU_ANGAJAT,ID_PROGRAMARE) values (1960423098765,'Sava','Gabriel',754123456,'gabriel.sava@email.com','Asistent Manager',to_date('10-FEB-22','DD-MON-RR'),'3900',null);
Insert into SYSTEM.ANGAJAT (CNP_ANGAJAT,NUME_ANGAJAT,PREUME_ANGAJAT,NR_TEL_ANGAJAT,EMAIL_ANGAJAT,FUNCTIE_ANGAJAT,DATA_ANGAJARE,SALARIU_ANGAJAT,ID_PROGRAMARE) values (1990901123456,'Radu','Silvia',748234567,'silvia.radu@email.com','Consultant',to_date('25-JAN-21','DD-MON-RR'),'3400',null);
Insert into SYSTEM.ANGAJAT (CNP_ANGAJAT,NUME_ANGAJAT,PREUME_ANGAJAT,NR_TEL_ANGAJAT,EMAIL_ANGAJAT,FUNCTIE_ANGAJAT,DATA_ANGAJARE,SALARIU_ANGAJAT,ID_PROGRAMARE) values (1980902234567,'Bica','Ioana',732123456,'ioana.bica@email.com','Spalator',to_date('18-MAR-22','DD-MON-RR'),'2300',19);
Insert into SYSTEM.ANGAJAT (CNP_ANGAJAT,NUME_ANGAJAT,PREUME_ANGAJAT,NR_TEL_ANGAJAT,EMAIL_ANGAJAT,FUNCTIE_ANGAJAT,DATA_ANGAJARE,SALARIU_ANGAJAT,ID_PROGRAMARE) values (1960303034567,'Popa','Victor',746234567,'victor.popa@email.com','Lacatus',to_date('14-AUG-20','DD-MON-RR'),'2600',null);
Insert into SYSTEM.ANGAJAT (CNP_ANGAJAT,NUME_ANGAJAT,PREUME_ANGAJAT,NR_TEL_ANGAJAT,EMAIL_ANGAJAT,FUNCTIE_ANGAJAT,DATA_ANGAJARE,SALARIU_ANGAJAT,ID_PROGRAMARE) values (1981105123456,'Miron','Alexandra',748234567,'alexandra.miron@email.com','Spalator',to_date('15-SEP-21','DD-MON-RR'),'2400',null);
Insert into SYSTEM.ANGAJAT (CNP_ANGAJAT,NUME_ANGAJAT,PREUME_ANGAJAT,NR_TEL_ANGAJAT,EMAIL_ANGAJAT,FUNCTIE_ANGAJAT,DATA_ANGAJARE,SALARIU_ANGAJAT,ID_PROGRAMARE) values (1970615112345,'Lupu','Mihail',745123456,'mihail.lupu@email.com','Manager',to_date('06-APR-20','DD-MON-RR'),'5100',null);
Insert into SYSTEM.ANGAJAT (CNP_ANGAJAT,NUME_ANGAJAT,PREUME_ANGAJAT,NR_TEL_ANGAJAT,EMAIL_ANGAJAT,FUNCTIE_ANGAJAT,DATA_ANGAJARE,SALARIU_ANGAJAT,ID_PROGRAMARE) values (1961011012345,'Bârsan','Simona',734234567,'simona.barsan@email.com','Lacatus',to_date('14-JUL-21','DD-MON-RR'),'2500',null);
REM INSERTING into SYSTEM.CLIENT
SET DEFINE OFF;
Insert into SYSTEM.CLIENT (CNP_CLIENT,NUME_CLIENT,PRENUM_CLIENT,NR_TEL_CLIENT,EMAIL_CLIENT,ADRESA_CLIENT) values (1960501045678,'Popescu','Ion',745123456,'ion.popescu@email.com','Strada Libertății, Nr. 10');
Insert into SYSTEM.CLIENT (CNP_CLIENT,NUME_CLIENT,PRENUM_CLIENT,NR_TEL_CLIENT,EMAIL_CLIENT,ADRESA_CLIENT) values (1970612134567,'Ionescu','Maria',734123456,'maria.ionescu@email.com','Strada Victoriei, Nr. 15');
Insert into SYSTEM.CLIENT (CNP_CLIENT,NUME_CLIENT,PRENUM_CLIENT,NR_TEL_CLIENT,EMAIL_CLIENT,ADRESA_CLIENT) values (1980324123456,'Georgescu','Elena',725123456,'elena.georgescu@email.com','Strada Mare, Nr. 5');
Insert into SYSTEM.CLIENT (CNP_CLIENT,NUME_CLIENT,PRENUM_CLIENT,NR_TEL_CLIENT,EMAIL_CLIENT,ADRESA_CLIENT) values (1990113145678,'Popa','Vasile',746234567,'vasile.popa@email.com','Bulevardul Unirii, Nr. 8');
Insert into SYSTEM.CLIENT (CNP_CLIENT,NUME_CLIENT,PRENUM_CLIENT,NR_TEL_CLIENT,EMAIL_CLIENT,ADRESA_CLIENT) values (1960817123456,'Andrei','Raluca',735123456,'raluca.andrei@email.com','Strada Liceului, Nr. 18');
Insert into SYSTEM.CLIENT (CNP_CLIENT,NUME_CLIENT,PRENUM_CLIENT,NR_TEL_CLIENT,EMAIL_CLIENT,ADRESA_CLIENT) values (1990706154567,'Dumitrescu','Mihail',756123456,'mihail.dumitrescu@email.com','Aleea Florilor, Nr. 12');
Insert into SYSTEM.CLIENT (CNP_CLIENT,NUME_CLIENT,PRENUM_CLIENT,NR_TEL_CLIENT,EMAIL_CLIENT,ADRESA_CLIENT) values (1970912056789,'Radu','Adrian',726123456,'adrian.radu@email.com','Strada Primăverii, Nr. 23');
Insert into SYSTEM.CLIENT (CNP_CLIENT,NUME_CLIENT,PRENUM_CLIENT,NR_TEL_CLIENT,EMAIL_CLIENT,ADRESA_CLIENT) values (1980321012345,'Neagu','Alexandra',736123456,'alexandra.neagu@email.com','Strada Crizantemelor, Nr. 7');
Insert into SYSTEM.CLIENT (CNP_CLIENT,NUME_CLIENT,PRENUM_CLIENT,NR_TEL_CLIENT,EMAIL_CLIENT,ADRESA_CLIENT) values (1990305145678,'Enescu','Mihail',745234567,'mihail.enescu@email.com','Bulevardul Basarabiei, Nr. 4');
Insert into SYSTEM.CLIENT (CNP_CLIENT,NUME_CLIENT,PRENUM_CLIENT,NR_TEL_CLIENT,EMAIL_CLIENT,ADRESA_CLIENT) values (1970719023456,'Bucur','Ionela',721234567,'ionela.bucur@email.com','Strada Florilor, Nr. 8');
Insert into SYSTEM.CLIENT (CNP_CLIENT,NUME_CLIENT,PRENUM_CLIENT,NR_TEL_CLIENT,EMAIL_CLIENT,ADRESA_CLIENT) values (1980423034567,'Ciobanu','Victor',741123456,'victor.ciobanu@email.com','Strada Călimănești, Nr. 11');
Insert into SYSTEM.CLIENT (CNP_CLIENT,NUME_CLIENT,PRENUM_CLIENT,NR_TEL_CLIENT,EMAIL_CLIENT,ADRESA_CLIENT) values (1990812123456,'Săndulescu','Teodor',736123456,'teodor.sandulescu@email.com','Strada Zorilor, Nr. 4');
Insert into SYSTEM.CLIENT (CNP_CLIENT,NUME_CLIENT,PRENUM_CLIENT,NR_TEL_CLIENT,EMAIL_CLIENT,ADRESA_CLIENT) values (1960913023456,'Munteanu','Florin',745123456,'florin.munteanu@email.com','Strada Tineretului, Nr. 22');
Insert into SYSTEM.CLIENT (CNP_CLIENT,NUME_CLIENT,PRENUM_CLIENT,NR_TEL_CLIENT,EMAIL_CLIENT,ADRESA_CLIENT) values (1980427134567,'Toma','Alina',756234567,'alina.toma@email.com','Bulevardul Mihai Eminescu, Nr. 19');
Insert into SYSTEM.CLIENT (CNP_CLIENT,NUME_CLIENT,PRENUM_CLIENT,NR_TEL_CLIENT,EMAIL_CLIENT,ADRESA_CLIENT) values (1970603145678,'Constantin','Roxana',722123456,'roxana.constantin@email.com','Aleea Stadionului, Nr. 16');
Insert into SYSTEM.CLIENT (CNP_CLIENT,NUME_CLIENT,PRENUM_CLIENT,NR_TEL_CLIENT,EMAIL_CLIENT,ADRESA_CLIENT) values (1990212087654,'Ionescu','Lucian',734234567,'lucian.ionescu@email.com','Strada Progresului, Nr. 2');
Insert into SYSTEM.CLIENT (CNP_CLIENT,NUME_CLIENT,PRENUM_CLIENT,NR_TEL_CLIENT,EMAIL_CLIENT,ADRESA_CLIENT) values (1960620145678,'Lazar','Stefan',735123456,'stefan.lazar@email.com','Strada Independentei, Nr. 13');
Insert into SYSTEM.CLIENT (CNP_CLIENT,NUME_CLIENT,PRENUM_CLIENT,NR_TEL_CLIENT,EMAIL_CLIENT,ADRESA_CLIENT) values (1980513098765,'Ciorbă','Mircea',745234567,'mircea.ciorba@email.com','Bulevardul Dacia, Nr. 21');
Insert into SYSTEM.CLIENT (CNP_CLIENT,NUME_CLIENT,PRENUM_CLIENT,NR_TEL_CLIENT,EMAIL_CLIENT,ADRESA_CLIENT) values (1990215056789,'Vasile','Maria',726123456,'maria.vasile@email.com','Strada Bălcescu, Nr. 3');
Insert into SYSTEM.CLIENT (CNP_CLIENT,NUME_CLIENT,PRENUM_CLIENT,NR_TEL_CLIENT,EMAIL_CLIENT,ADRESA_CLIENT) values (1971201054321,'Constantinescu','Gabriela',756345678,'gabriela.constantinescu@email.com','Aleea Brândușa, Nr. 10');
Insert into SYSTEM.CLIENT (CNP_CLIENT,NUME_CLIENT,PRENUM_CLIENT,NR_TEL_CLIENT,EMAIL_CLIENT,ADRESA_CLIENT) values (1980723123456,'Mihăilescu','Gina',734234567,'gina.mihailescu@email.com','Strada Soarelui, Nr. 17');
Insert into SYSTEM.CLIENT (CNP_CLIENT,NUME_CLIENT,PRENUM_CLIENT,NR_TEL_CLIENT,EMAIL_CLIENT,ADRESA_CLIENT) values (1990524098765,'Vasilescu','Victor',736123456,'victor.vasilescu@email.com','Strada Căpitanului, Nr. 25');
Insert into SYSTEM.CLIENT (CNP_CLIENT,NUME_CLIENT,PRENUM_CLIENT,NR_TEL_CLIENT,EMAIL_CLIENT,ADRESA_CLIENT) values (1960407065432,'Drăgan','Gabriela',723456789,'gabriela.dragan@email.com','Bulevardul Presei, Nr. 8');
Insert into SYSTEM.CLIENT (CNP_CLIENT,NUME_CLIENT,PRENUM_CLIENT,NR_TEL_CLIENT,EMAIL_CLIENT,ADRESA_CLIENT) values (1970712134567,'Iordache','Mihail',743234567,'mihail.iordache@email.com','Strada Aurel Vlaicu, Nr. 9');
Insert into SYSTEM.CLIENT (CNP_CLIENT,NUME_CLIENT,PRENUM_CLIENT,NR_TEL_CLIENT,EMAIL_CLIENT,ADRESA_CLIENT) values (1980427123456,'Dima','Alexandru',756345678,'alexandru.dima@email.com','Strada Iancu, Nr. 20');
Insert into SYSTEM.CLIENT (CNP_CLIENT,NUME_CLIENT,PRENUM_CLIENT,NR_TEL_CLIENT,EMAIL_CLIENT,ADRESA_CLIENT) values (1990706157654,'Mărgărit','Ana',734123456,'ana.margarit@email.com','Strada Teatrului, Nr. 22');
Insert into SYSTEM.CLIENT (CNP_CLIENT,NUME_CLIENT,PRENUM_CLIENT,NR_TEL_CLIENT,EMAIL_CLIENT,ADRESA_CLIENT) values (1960305054321,'Păunescu','Liviu',745234567,'liviu.paunescu@email.com','Bulevardul Florilor, Nr. 16');
Insert into SYSTEM.CLIENT (CNP_CLIENT,NUME_CLIENT,PRENUM_CLIENT,NR_TEL_CLIENT,EMAIL_CLIENT,ADRESA_CLIENT) values (1980523123456,'Tudor','Vasile',756123456,'vasile.tudor@email.com','Strada Albăstrelelor, Nr. 6');
Insert into SYSTEM.CLIENT (CNP_CLIENT,NUME_CLIENT,PRENUM_CLIENT,NR_TEL_CLIENT,EMAIL_CLIENT,ADRESA_CLIENT) values (1991112076543,'Albu','Irina',734123456,'irina.albu@email.com','Strada Popa Soare, Nr. 12');
Insert into SYSTEM.CLIENT (CNP_CLIENT,NUME_CLIENT,PRENUM_CLIENT,NR_TEL_CLIENT,EMAIL_CLIENT,ADRESA_CLIENT) values (1960923134567,'Rădulescu','Maria',746234567,'maria.radescu@email.com','Strada Dumbrava, Nr. 14');
Insert into SYSTEM.CLIENT (CNP_CLIENT,NUME_CLIENT,PRENUM_CLIENT,NR_TEL_CLIENT,EMAIL_CLIENT,ADRESA_CLIENT) values (1990702065432,'Bălan','Florina',725123456,'florina.balan@email.com','Strada Ghencea, Nr. 9');
REM INSERTING into SYSTEM.FURNIZOR
SET DEFINE OFF;
Insert into SYSTEM.FURNIZOR (ID_FURNIZOR,NUME_FURNIZOR,NR_TEL_FURNIZOR,EMAIL_FURNZIOR,ADRESA_FURNIZOR) values (1,'AutoSpalare SRL',212345678,'contact@autospa.ro','Strada Exemplu, Nr. 10, București');
Insert into SYSTEM.FURNIZOR (ID_FURNIZOR,NUME_FURNIZOR,NR_TEL_FURNIZOR,EMAIL_FURNZIOR,ADRESA_FURNIZOR) values (2,'Spațiu Curat',213456789,'info@spatiucurat.ro','Strada Curățenie, Nr. 5, Brașov');
Insert into SYSTEM.FURNIZOR (ID_FURNIZOR,NUME_FURNIZOR,NR_TEL_FURNIZOR,EMAIL_FURNZIOR,ADRESA_FURNIZOR) values (4,'Wash 1',215678901,'support@washgo.ro','Strada Muncii, Nr. 12, Constanța');
Insert into SYSTEM.FURNIZOR (ID_FURNIZOR,NUME_FURNIZOR,NR_TEL_FURNIZOR,EMAIL_FURNZIOR,ADRESA_FURNIZOR) values (5,'AutoClean',216789012,'contact@autoclean.ro','Strada Lămâi, Nr. 20, Iași');
Insert into SYSTEM.FURNIZOR (ID_FURNIZOR,NUME_FURNIZOR,NR_TEL_FURNIZOR,EMAIL_FURNZIOR,ADRESA_FURNIZOR) values (7,'Luxury Wash',218901234,'contact@luxurywash.ro','Strada Splendidă, Nr. 3, Ploiești');
Insert into SYSTEM.FURNIZOR (ID_FURNIZOR,NUME_FURNIZOR,NR_TEL_FURNIZOR,EMAIL_FURNZIOR,ADRESA_FURNIZOR) values (9,'AutoShine',210123456,'contact@autoshine.ro','Strada Stejarului, Nr. 30, Craiova');
Insert into SYSTEM.FURNIZOR (ID_FURNIZOR,NUME_FURNIZOR,NR_TEL_FURNIZOR,EMAIL_FURNZIOR,ADRESA_FURNIZOR) values (10,'Speed Wash',211234567,'contact@speedwash.ro','Strada Rapidă, Nr. 17, Oradea');
Insert into SYSTEM.FURNIZOR (ID_FURNIZOR,NUME_FURNIZOR,NR_TEL_FURNIZOR,EMAIL_FURNZIOR,ADRESA_FURNIZOR) values (11,'Fast Auto Clean',212345678,'info@fastautoclean.ro','Strada Vitezei, Nr. 10, Brașov');
Insert into SYSTEM.FURNIZOR (ID_FURNIZOR,NUME_FURNIZOR,NR_TEL_FURNIZOR,EMAIL_FURNZIOR,ADRESA_FURNIZOR) values (12,'Perfect Wash',213456789,'contact@perfectwash.ro','Strada Performanței, Nr. 20, Arad');
Insert into SYSTEM.FURNIZOR (ID_FURNIZOR,NUME_FURNIZOR,NR_TEL_FURNIZOR,EMAIL_FURNZIOR,ADRESA_FURNIZOR) values (13,'Green Clean',214567890,'office@greenclean.ro','Strada Verde, Nr. 25, Brașov');
Insert into SYSTEM.FURNIZOR (ID_FURNIZOR,NUME_FURNIZOR,NR_TEL_FURNIZOR,EMAIL_FURNZIOR,ADRESA_FURNIZOR) values (14,'Top Wash',215678901,'support@topwash.ro','Bulevardul Central, Nr. 8, Bacău');
Insert into SYSTEM.FURNIZOR (ID_FURNIZOR,NUME_FURNIZOR,NR_TEL_FURNIZOR,EMAIL_FURNZIOR,ADRESA_FURNIZOR) values (15,'Turbo Clean',216789012,'contact@turboclean.ro','Strada Rapiță, Nr. 10, Constanța');
REM INSERTING into SYSTEM.INVENTAR
SET DEFINE OFF;
Insert into SYSTEM.INVENTAR (ID_INVENTAR,DATA_INVENTAR,STOC_INITIAL,STOC_FINAL,OBSERVATII,ID_MATERIALE) values (1,to_date('01-JAN-25','DD-MON-RR'),100,90,'Reducere stoc',1);
Insert into SYSTEM.INVENTAR (ID_INVENTAR,DATA_INVENTAR,STOC_INITIAL,STOC_FINAL,OBSERVATII,ID_MATERIALE) values (2,to_date('01-JAN-25','DD-MON-RR'),50,45,'Vânzare produs',2);
Insert into SYSTEM.INVENTAR (ID_INVENTAR,DATA_INVENTAR,STOC_INITIAL,STOC_FINAL,OBSERVATII,ID_MATERIALE) values (4,to_date('03-JAN-25','DD-MON-RR'),150,140,'Corecție stoc',4);
Insert into SYSTEM.INVENTAR (ID_INVENTAR,DATA_INVENTAR,STOC_INITIAL,STOC_FINAL,OBSERVATII,ID_MATERIALE) values (5,to_date('04-JAN-25','DD-MON-RR'),500,480,'Ajustare stoc',5);
Insert into SYSTEM.INVENTAR (ID_INVENTAR,DATA_INVENTAR,STOC_INITIAL,STOC_FINAL,OBSERVATII,ID_MATERIALE) values (7,to_date('06-JAN-25','DD-MON-RR'),200,195,'Restocare material',7);
Insert into SYSTEM.INVENTAR (ID_INVENTAR,DATA_INVENTAR,STOC_INITIAL,STOC_FINAL,OBSERVATII,ID_MATERIALE) values (9,to_date('08-JAN-25','DD-MON-RR'),300,290,'Ajustare stoc pe baza inventarului',9);
Insert into SYSTEM.INVENTAR (ID_INVENTAR,DATA_INVENTAR,STOC_INITIAL,STOC_FINAL,OBSERVATII,ID_MATERIALE) values (10,to_date('09-JAN-25','DD-MON-RR'),250,240,'Vânzare produse',10);
Insert into SYSTEM.INVENTAR (ID_INVENTAR,DATA_INVENTAR,STOC_INITIAL,STOC_FINAL,OBSERVATII,ID_MATERIALE) values (11,to_date('10-JAN-25','DD-MON-RR'),180,170,'Ajustare cantitate',11);
Insert into SYSTEM.INVENTAR (ID_INVENTAR,DATA_INVENTAR,STOC_INITIAL,STOC_FINAL,OBSERVATII,ID_MATERIALE) values (12,to_date('11-JAN-25','DD-MON-RR'),50,40,'Produse folosite pentru întreținere',12);
Insert into SYSTEM.INVENTAR (ID_INVENTAR,DATA_INVENTAR,STOC_INITIAL,STOC_FINAL,OBSERVATII,ID_MATERIALE) values (13,to_date('12-JAN-25','DD-MON-RR'),100,90,'Stoc ajustat',13);
Insert into SYSTEM.INVENTAR (ID_INVENTAR,DATA_INVENTAR,STOC_INITIAL,STOC_FINAL,OBSERVATII,ID_MATERIALE) values (14,to_date('13-JAN-25','DD-MON-RR'),150,145,'Stoc actualizat',14);
Insert into SYSTEM.INVENTAR (ID_INVENTAR,DATA_INVENTAR,STOC_INITIAL,STOC_FINAL,OBSERVATII,ID_MATERIALE) values (15,to_date('14-JAN-25','DD-MON-RR'),120,110,'Cantități pentru vânzare',15);
Insert into SYSTEM.INVENTAR (ID_INVENTAR,DATA_INVENTAR,STOC_INITIAL,STOC_FINAL,OBSERVATII,ID_MATERIALE) values (16,to_date('15-JAN-25','DD-MON-RR'),200,195,'Produse ajunse',16);
Insert into SYSTEM.INVENTAR (ID_INVENTAR,DATA_INVENTAR,STOC_INITIAL,STOC_FINAL,OBSERVATII,ID_MATERIALE) values (17,to_date('16-JAN-25','DD-MON-RR'),400,380,'Stoc actualizat',17);
Insert into SYSTEM.INVENTAR (ID_INVENTAR,DATA_INVENTAR,STOC_INITIAL,STOC_FINAL,OBSERVATII,ID_MATERIALE) values (19,to_date('18-JAN-25','DD-MON-RR'),300,290,'Retur produs',19);
Insert into SYSTEM.INVENTAR (ID_INVENTAR,DATA_INVENTAR,STOC_INITIAL,STOC_FINAL,OBSERVATII,ID_MATERIALE) values (20,to_date('19-JAN-25','DD-MON-RR'),150,140,'Produse vândute',20);
REM INSERTING into SYSTEM.MASINA
SET DEFINE OFF;
Insert into SYSTEM.MASINA (SERIE_SASIU_MASINA,MARCA_MASINA,MODEL_MASINA,NR_INMATRICULARE_MASINA,CULOARE_MASINA,CNP_CLIENT) values (1001,'Volkswagen','Golf','B123ABC','Albastru',1960501045678);
Insert into SYSTEM.MASINA (SERIE_SASIU_MASINA,MARCA_MASINA,MODEL_MASINA,NR_INMATRICULARE_MASINA,CULOARE_MASINA,CNP_CLIENT) values (1002,'BMW','X5','B124XYZ','Negru',1970612134567);
Insert into SYSTEM.MASINA (SERIE_SASIU_MASINA,MARCA_MASINA,MODEL_MASINA,NR_INMATRICULARE_MASINA,CULOARE_MASINA,CNP_CLIENT) values (1003,'Audi','A4','B125DEF','Albastru',1980324123456);
Insert into SYSTEM.MASINA (SERIE_SASIU_MASINA,MARCA_MASINA,MODEL_MASINA,NR_INMATRICULARE_MASINA,CULOARE_MASINA,CNP_CLIENT) values (1004,'Mercedes','C-Class','B126GHI','Alb',1990113145678);
Insert into SYSTEM.MASINA (SERIE_SASIU_MASINA,MARCA_MASINA,MODEL_MASINA,NR_INMATRICULARE_MASINA,CULOARE_MASINA,CNP_CLIENT) values (1005,'Ford','Focus','B127JKL','Roșu',1960817123456);
Insert into SYSTEM.MASINA (SERIE_SASIU_MASINA,MARCA_MASINA,MODEL_MASINA,NR_INMATRICULARE_MASINA,CULOARE_MASINA,CNP_CLIENT) values (1006,'Toyota','Corolla','B128MNO','Verde',1990706154567);
Insert into SYSTEM.MASINA (SERIE_SASIU_MASINA,MARCA_MASINA,MODEL_MASINA,NR_INMATRICULARE_MASINA,CULOARE_MASINA,CNP_CLIENT) values (1007,'Nissan','Qashqai','B129PQR','Galben',1970912056789);
Insert into SYSTEM.MASINA (SERIE_SASIU_MASINA,MARCA_MASINA,MODEL_MASINA,NR_INMATRICULARE_MASINA,CULOARE_MASINA,CNP_CLIENT) values (1008,'Hyundai','Tucson','B130STU','Argintiu',1980321012345);
Insert into SYSTEM.MASINA (SERIE_SASIU_MASINA,MARCA_MASINA,MODEL_MASINA,NR_INMATRICULARE_MASINA,CULOARE_MASINA,CNP_CLIENT) values (1009,'Peugeot','3008','B131VWX','Negru',1990305145678);
Insert into SYSTEM.MASINA (SERIE_SASIU_MASINA,MARCA_MASINA,MODEL_MASINA,NR_INMATRICULARE_MASINA,CULOARE_MASINA,CNP_CLIENT) values (1010,'Citroen','C4','B132YZA','Alb',1970719023456);
Insert into SYSTEM.MASINA (SERIE_SASIU_MASINA,MARCA_MASINA,MODEL_MASINA,NR_INMATRICULARE_MASINA,CULOARE_MASINA,CNP_CLIENT) values (1011,'Opel','Astra','B133BCD','Albastru',1980423034567);
Insert into SYSTEM.MASINA (SERIE_SASIU_MASINA,MARCA_MASINA,MODEL_MASINA,NR_INMATRICULARE_MASINA,CULOARE_MASINA,CNP_CLIENT) values (1012,'Renault','Megane','B134DEF','Verde',1990812123456);
Insert into SYSTEM.MASINA (SERIE_SASIU_MASINA,MARCA_MASINA,MODEL_MASINA,NR_INMATRICULARE_MASINA,CULOARE_MASINA,CNP_CLIENT) values (1013,'Mazda','CX-5','B135GHI','Gri',1960913023456);
Insert into SYSTEM.MASINA (SERIE_SASIU_MASINA,MARCA_MASINA,MODEL_MASINA,NR_INMATRICULARE_MASINA,CULOARE_MASINA,CNP_CLIENT) values (1014,'Kia','Sportage','B136JKL','Roșu',1980427134567);
Insert into SYSTEM.MASINA (SERIE_SASIU_MASINA,MARCA_MASINA,MODEL_MASINA,NR_INMATRICULARE_MASINA,CULOARE_MASINA,CNP_CLIENT) values (1015,'Volvo','XC60','B137MNO','Negru',1970603145678);
Insert into SYSTEM.MASINA (SERIE_SASIU_MASINA,MARCA_MASINA,MODEL_MASINA,NR_INMATRICULARE_MASINA,CULOARE_MASINA,CNP_CLIENT) values (1016,'Subaru','Outback','B138PQR','Argintiu',1990212087654);
Insert into SYSTEM.MASINA (SERIE_SASIU_MASINA,MARCA_MASINA,MODEL_MASINA,NR_INMATRICULARE_MASINA,CULOARE_MASINA,CNP_CLIENT) values (1017,'Mitsubishi','Outlander','B139STU','Alb',1960620145678);
Insert into SYSTEM.MASINA (SERIE_SASIU_MASINA,MARCA_MASINA,MODEL_MASINA,NR_INMATRICULARE_MASINA,CULOARE_MASINA,CNP_CLIENT) values (1018,'Honda','Civic','B140VWX','Negru',1980513098765);
Insert into SYSTEM.MASINA (SERIE_SASIU_MASINA,MARCA_MASINA,MODEL_MASINA,NR_INMATRICULARE_MASINA,CULOARE_MASINA,CNP_CLIENT) values (1019,'BMW','i3','B141YZA','Verde',1990215056789);
Insert into SYSTEM.MASINA (SERIE_SASIU_MASINA,MARCA_MASINA,MODEL_MASINA,NR_INMATRICULARE_MASINA,CULOARE_MASINA,CNP_CLIENT) values (1020,'Ford','Fiesta','B142BCD','Galben',1971201054321);
Insert into SYSTEM.MASINA (SERIE_SASIU_MASINA,MARCA_MASINA,MODEL_MASINA,NR_INMATRICULARE_MASINA,CULOARE_MASINA,CNP_CLIENT) values (1021,'Peugeot','208','B143DEF','Roșu',1980723123456);
Insert into SYSTEM.MASINA (SERIE_SASIU_MASINA,MARCA_MASINA,MODEL_MASINA,NR_INMATRICULARE_MASINA,CULOARE_MASINA,CNP_CLIENT) values (1022,'Hyundai','i20','B144GHI','Alb',1990524098765);
Insert into SYSTEM.MASINA (SERIE_SASIU_MASINA,MARCA_MASINA,MODEL_MASINA,NR_INMATRICULARE_MASINA,CULOARE_MASINA,CNP_CLIENT) values (1023,'Audi','Q7','B145JKL','Albastru',1960407065432);
Insert into SYSTEM.MASINA (SERIE_SASIU_MASINA,MARCA_MASINA,MODEL_MASINA,NR_INMATRICULARE_MASINA,CULOARE_MASINA,CNP_CLIENT) values (1024,'Opel','Insignia','B146MNO','Verde',1970712134567);
Insert into SYSTEM.MASINA (SERIE_SASIU_MASINA,MARCA_MASINA,MODEL_MASINA,NR_INMATRICULARE_MASINA,CULOARE_MASINA,CNP_CLIENT) values (1025,'Kia','Ceed','B147PQR','Negru',1980427123456);
Insert into SYSTEM.MASINA (SERIE_SASIU_MASINA,MARCA_MASINA,MODEL_MASINA,NR_INMATRICULARE_MASINA,CULOARE_MASINA,CNP_CLIENT) values (1026,'BMW','X3','B148STU','Gri',1990706157654);
Insert into SYSTEM.MASINA (SERIE_SASIU_MASINA,MARCA_MASINA,MODEL_MASINA,NR_INMATRICULARE_MASINA,CULOARE_MASINA,CNP_CLIENT) values (1027,'Volkswagen','Passat','B149VWX','Roșu',1960305054321);
Insert into SYSTEM.MASINA (SERIE_SASIU_MASINA,MARCA_MASINA,MODEL_MASINA,NR_INMATRICULARE_MASINA,CULOARE_MASINA,CNP_CLIENT) values (1028,'Toyota','Yaris','B150YZA','Galben',1980523123456);
Insert into SYSTEM.MASINA (SERIE_SASIU_MASINA,MARCA_MASINA,MODEL_MASINA,NR_INMATRICULARE_MASINA,CULOARE_MASINA,CNP_CLIENT) values (1029,'Honda','Jazz','B151BCD','Albastru',1991112076543);
Insert into SYSTEM.MASINA (SERIE_SASIU_MASINA,MARCA_MASINA,MODEL_MASINA,NR_INMATRICULARE_MASINA,CULOARE_MASINA,CNP_CLIENT) values (1030,'Fiat','Punto','B152DEF','Negru',1960923134567);
Insert into SYSTEM.MASINA (SERIE_SASIU_MASINA,MARCA_MASINA,MODEL_MASINA,NR_INMATRICULARE_MASINA,CULOARE_MASINA,CNP_CLIENT) values (1031,'Peugeot','5008','B153GHI','Alb',1990702065432);
REM INSERTING into SYSTEM.MATERIALE
SET DEFINE OFF;
Insert into SYSTEM.MATERIALE (ID_MATERIALE,DENUMIRE_MATERIAL,DESCRIERE_MATERIAL,STOC_MATERIAL,PRET_MATERIAL,ID_FURNIZOR) values (1,'Șampon Auto','Șampon de curățare auto',100,'50 RON',1);
Insert into SYSTEM.MATERIALE (ID_MATERIALE,DENUMIRE_MATERIAL,DESCRIERE_MATERIAL,STOC_MATERIAL,PRET_MATERIAL,ID_FURNIZOR) values (2,'Vaselina Auto','Vaselina pentru piese auto',50,'30 RON',2);
Insert into SYSTEM.MATERIALE (ID_MATERIALE,DENUMIRE_MATERIAL,DESCRIERE_MATERIAL,STOC_MATERIAL,PRET_MATERIAL,ID_FURNIZOR) values (4,'Perii de curățat','Perii speciale pentru curățat interiorul autoturismului',150,'25 RON',4);
Insert into SYSTEM.MATERIALE (ID_MATERIALE,DENUMIRE_MATERIAL,DESCRIERE_MATERIAL,STOC_MATERIAL,PRET_MATERIAL,ID_FURNIZOR) values (5,'Șervețele umede','Șervețele umede pentru curățare auto',500,'10 RON',5);
Insert into SYSTEM.MATERIALE (ID_MATERIALE,DENUMIRE_MATERIAL,DESCRIERE_MATERIAL,STOC_MATERIAL,PRET_MATERIAL,ID_FURNIZOR) values (7,'Lichid parbriz','Lichid de spălat parbriz auto',200,'15 RON',7);
Insert into SYSTEM.MATERIALE (ID_MATERIALE,DENUMIRE_MATERIAL,DESCRIERE_MATERIAL,STOC_MATERIAL,PRET_MATERIAL,ID_FURNIZOR) values (9,'Lichid curățat tapiserie','Lichid de curățat tapițeria auto',300,'40 RON',9);
Insert into SYSTEM.MATERIALE (ID_MATERIALE,DENUMIRE_MATERIAL,DESCRIERE_MATERIAL,STOC_MATERIAL,PRET_MATERIAL,ID_FURNIZOR) values (10,'Șervețele pentru interior','Șervețele pentru curățat interiorul auto',250,'12 RON',10);
Insert into SYSTEM.MATERIALE (ID_MATERIALE,DENUMIRE_MATERIAL,DESCRIERE_MATERIAL,STOC_MATERIAL,PRET_MATERIAL,ID_FURNIZOR) values (11,'Produs curățat sticlă','Produs pentru curățat geamuri auto',180,'20 RON',11);
Insert into SYSTEM.MATERIALE (ID_MATERIALE,DENUMIRE_MATERIAL,DESCRIERE_MATERIAL,STOC_MATERIAL,PRET_MATERIAL,ID_FURNIZOR) values (12,'Perie rotundă','Perie pentru curățare tapiserie auto',50,'40 RON',12);
Insert into SYSTEM.MATERIALE (ID_MATERIALE,DENUMIRE_MATERIAL,DESCRIERE_MATERIAL,STOC_MATERIAL,PRET_MATERIAL,ID_FURNIZOR) values (13,'Lichid pentru motor','Lichid de spălare motor auto',100,'50 RON',13);
Insert into SYSTEM.MATERIALE (ID_MATERIALE,DENUMIRE_MATERIAL,DESCRIERE_MATERIAL,STOC_MATERIAL,PRET_MATERIAL,ID_FURNIZOR) values (14,'Șampon special','Șampon auto special pentru vopsea',150,'55 RON',14);
Insert into SYSTEM.MATERIALE (ID_MATERIALE,DENUMIRE_MATERIAL,DESCRIERE_MATERIAL,STOC_MATERIAL,PRET_MATERIAL,ID_FURNIZOR) values (15,'Produse pentru curățat tapiterie','Solutii de curățare tapițerie auto',120,'45 RON',15);
Insert into SYSTEM.MATERIALE (ID_MATERIALE,DENUMIRE_MATERIAL,DESCRIERE_MATERIAL,STOC_MATERIAL,PRET_MATERIAL,ID_FURNIZOR) values (16,'Curățare motor','Solutii pentru curățare motor auto',200,'75 RON',1);
Insert into SYSTEM.MATERIALE (ID_MATERIALE,DENUMIRE_MATERIAL,DESCRIERE_MATERIAL,STOC_MATERIAL,PRET_MATERIAL,ID_FURNIZOR) values (17,'Spumă activă','Spumă activă pentru spălătorii auto',400,'20 RON',2);
Insert into SYSTEM.MATERIALE (ID_MATERIALE,DENUMIRE_MATERIAL,DESCRIERE_MATERIAL,STOC_MATERIAL,PRET_MATERIAL,ID_FURNIZOR) values (19,'Soluție curățat geamuri','Soluție profesională pentru curățarea geamurilor auto',200,'18 RON',4);
Insert into SYSTEM.MATERIALE (ID_MATERIALE,DENUMIRE_MATERIAL,DESCRIERE_MATERIAL,STOC_MATERIAL,PRET_MATERIAL,ID_FURNIZOR) values (20,'Lichid pentru curățat roți','Lichid special pentru curățarea roților auto',300,'40 RON',5);
REM INSERTING into SYSTEM.PLATA
SET DEFINE OFF;
Insert into SYSTEM.PLATA (ID_PLATA,DATA_PLATA,SUMA_TOTALA_PLATA,METODA_PLATA,ID_PROGRAMARE,CNP_CLIENT) values (1,to_date('01-JAN-25','DD-MON-RR'),'1500','Card bancar',1,1960501045678);
Insert into SYSTEM.PLATA (ID_PLATA,DATA_PLATA,SUMA_TOTALA_PLATA,METODA_PLATA,ID_PROGRAMARE,CNP_CLIENT) values (2,to_date('02-JAN-25','DD-MON-RR'),'2000','Numerar',2,1970612134567);
Insert into SYSTEM.PLATA (ID_PLATA,DATA_PLATA,SUMA_TOTALA_PLATA,METODA_PLATA,ID_PROGRAMARE,CNP_CLIENT) values (3,to_date('03-JAN-25','DD-MON-RR'),'2500','Card bancar',3,1980324123456);
Insert into SYSTEM.PLATA (ID_PLATA,DATA_PLATA,SUMA_TOTALA_PLATA,METODA_PLATA,ID_PROGRAMARE,CNP_CLIENT) values (4,to_date('04-JAN-25','DD-MON-RR'),'1800','Numerar',4,1990113145678);
Insert into SYSTEM.PLATA (ID_PLATA,DATA_PLATA,SUMA_TOTALA_PLATA,METODA_PLATA,ID_PROGRAMARE,CNP_CLIENT) values (5,to_date('05-JAN-25','DD-MON-RR'),'2200','Card bancar',5,1960817123456);
Insert into SYSTEM.PLATA (ID_PLATA,DATA_PLATA,SUMA_TOTALA_PLATA,METODA_PLATA,ID_PROGRAMARE,CNP_CLIENT) values (6,to_date('06-JAN-25','DD-MON-RR'),'1300','Numerar',6,1990706154567);
Insert into SYSTEM.PLATA (ID_PLATA,DATA_PLATA,SUMA_TOTALA_PLATA,METODA_PLATA,ID_PROGRAMARE,CNP_CLIENT) values (7,to_date('07-JAN-25','DD-MON-RR'),'2800','Card bancar',7,1970912056789);
Insert into SYSTEM.PLATA (ID_PLATA,DATA_PLATA,SUMA_TOTALA_PLATA,METODA_PLATA,ID_PROGRAMARE,CNP_CLIENT) values (8,to_date('08-JAN-25','DD-MON-RR'),'1500','Numerar',8,1980321012345);
Insert into SYSTEM.PLATA (ID_PLATA,DATA_PLATA,SUMA_TOTALA_PLATA,METODA_PLATA,ID_PROGRAMARE,CNP_CLIENT) values (9,to_date('09-JAN-25','DD-MON-RR'),'2300','Card bancar',9,1990305145678);
Insert into SYSTEM.PLATA (ID_PLATA,DATA_PLATA,SUMA_TOTALA_PLATA,METODA_PLATA,ID_PROGRAMARE,CNP_CLIENT) values (10,to_date('10-JAN-25','DD-MON-RR'),'2000','Numerar',10,1970719023456);
Insert into SYSTEM.PLATA (ID_PLATA,DATA_PLATA,SUMA_TOTALA_PLATA,METODA_PLATA,ID_PROGRAMARE,CNP_CLIENT) values (11,to_date('11-JAN-25','DD-MON-RR'),'1700','Card bancar',11,1980423034567);
Insert into SYSTEM.PLATA (ID_PLATA,DATA_PLATA,SUMA_TOTALA_PLATA,METODA_PLATA,ID_PROGRAMARE,CNP_CLIENT) values (12,to_date('12-JAN-25','DD-MON-RR'),'1800','Numerar',12,1990812123456);
Insert into SYSTEM.PLATA (ID_PLATA,DATA_PLATA,SUMA_TOTALA_PLATA,METODA_PLATA,ID_PROGRAMARE,CNP_CLIENT) values (13,to_date('13-JAN-25','DD-MON-RR'),'2100','Card bancar',13,1960913023456);
Insert into SYSTEM.PLATA (ID_PLATA,DATA_PLATA,SUMA_TOTALA_PLATA,METODA_PLATA,ID_PROGRAMARE,CNP_CLIENT) values (14,to_date('14-JAN-25','DD-MON-RR'),'1600','Numerar',14,1980427134567);
Insert into SYSTEM.PLATA (ID_PLATA,DATA_PLATA,SUMA_TOTALA_PLATA,METODA_PLATA,ID_PROGRAMARE,CNP_CLIENT) values (15,to_date('15-JAN-25','DD-MON-RR'),'2500','Card bancar',15,1970603145678);
Insert into SYSTEM.PLATA (ID_PLATA,DATA_PLATA,SUMA_TOTALA_PLATA,METODA_PLATA,ID_PROGRAMARE,CNP_CLIENT) values (16,to_date('16-JAN-25','DD-MON-RR'),'2200','Numerar',16,1990212087654);
Insert into SYSTEM.PLATA (ID_PLATA,DATA_PLATA,SUMA_TOTALA_PLATA,METODA_PLATA,ID_PROGRAMARE,CNP_CLIENT) values (17,to_date('17-JAN-25','DD-MON-RR'),'2000','Card bancar',17,1960620145678);
Insert into SYSTEM.PLATA (ID_PLATA,DATA_PLATA,SUMA_TOTALA_PLATA,METODA_PLATA,ID_PROGRAMARE,CNP_CLIENT) values (18,to_date('18-JAN-25','DD-MON-RR'),'2100','Numerar',18,1980513098765);
Insert into SYSTEM.PLATA (ID_PLATA,DATA_PLATA,SUMA_TOTALA_PLATA,METODA_PLATA,ID_PROGRAMARE,CNP_CLIENT) values (19,to_date('19-JAN-25','DD-MON-RR'),'2700','Card bancar',19,1990215056789);
Insert into SYSTEM.PLATA (ID_PLATA,DATA_PLATA,SUMA_TOTALA_PLATA,METODA_PLATA,ID_PROGRAMARE,CNP_CLIENT) values (20,to_date('20-JAN-25','DD-MON-RR'),'2400','Numerar',20,1971201054321);
REM INSERTING into SYSTEM.PROGRAMARE
SET DEFINE OFF;
Insert into SYSTEM.PROGRAMARE (ID_PROGRAMARE,DATA_PROGRAMARE,ORA_PROGRAMARE,STATUS_PROGRAMARE,CNP_CLIENT,SERIE_SASIU_MASINA,CNP_ANGAJAT,ID_SERVICIU,ID_PROMOTIE) values (1,to_date('15-JAN-25','DD-MON-RR'),'10:00','Confirmată',1960501045678,1001,1970701012345,1,1);
Insert into SYSTEM.PROGRAMARE (ID_PROGRAMARE,DATA_PROGRAMARE,ORA_PROGRAMARE,STATUS_PROGRAMARE,CNP_CLIENT,SERIE_SASIU_MASINA,CNP_ANGAJAT,ID_SERVICIU,ID_PROMOTIE) values (2,to_date('16-JAN-25','DD-MON-RR'),'11:30','În așteptare',1970612134567,1002,1980102123456,2,2);
Insert into SYSTEM.PROGRAMARE (ID_PROGRAMARE,DATA_PROGRAMARE,ORA_PROGRAMARE,STATUS_PROGRAMARE,CNP_CLIENT,SERIE_SASIU_MASINA,CNP_ANGAJAT,ID_SERVICIU,ID_PROMOTIE) values (3,to_date('17-JAN-25','DD-MON-RR'),'14:00','Finalizată',1980324123456,1003,1950603145678,3,3);
Insert into SYSTEM.PROGRAMARE (ID_PROGRAMARE,DATA_PROGRAMARE,ORA_PROGRAMARE,STATUS_PROGRAMARE,CNP_CLIENT,SERIE_SASIU_MASINA,CNP_ANGAJAT,ID_SERVICIU,ID_PROMOTIE) values (4,to_date('18-JAN-25','DD-MON-RR'),'09:30','Confirmată',1990113145678,1004,1960914098765,4,4);
Insert into SYSTEM.PROGRAMARE (ID_PROGRAMARE,DATA_PROGRAMARE,ORA_PROGRAMARE,STATUS_PROGRAMARE,CNP_CLIENT,SERIE_SASIU_MASINA,CNP_ANGAJAT,ID_SERVICIU,ID_PROMOTIE) values (5,to_date('19-JAN-25','DD-MON-RR'),'16:00','În așteptare',1960817123456,1005,1990205054321,5,5);
Insert into SYSTEM.PROGRAMARE (ID_PROGRAMARE,DATA_PROGRAMARE,ORA_PROGRAMARE,STATUS_PROGRAMARE,CNP_CLIENT,SERIE_SASIU_MASINA,CNP_ANGAJAT,ID_SERVICIU,ID_PROMOTIE) values (6,to_date('20-JAN-25','DD-MON-RR'),'12:30','Finalizată',1990706154567,1006,1951123198765,6,6);
Insert into SYSTEM.PROGRAMARE (ID_PROGRAMARE,DATA_PROGRAMARE,ORA_PROGRAMARE,STATUS_PROGRAMARE,CNP_CLIENT,SERIE_SASIU_MASINA,CNP_ANGAJAT,ID_SERVICIU,ID_PROMOTIE) values (7,to_date('21-JAN-25','DD-MON-RR'),'10:45','Confirmată',1970912056789,1007,1960203098765,7,7);
Insert into SYSTEM.PROGRAMARE (ID_PROGRAMARE,DATA_PROGRAMARE,ORA_PROGRAMARE,STATUS_PROGRAMARE,CNP_CLIENT,SERIE_SASIU_MASINA,CNP_ANGAJAT,ID_SERVICIU,ID_PROMOTIE) values (8,to_date('22-JAN-25','DD-MON-RR'),'14:30','În așteptare',1980321012345,1008,1980707012345,8,8);
Insert into SYSTEM.PROGRAMARE (ID_PROGRAMARE,DATA_PROGRAMARE,ORA_PROGRAMARE,STATUS_PROGRAMARE,CNP_CLIENT,SERIE_SASIU_MASINA,CNP_ANGAJAT,ID_SERVICIU,ID_PROMOTIE) values (9,to_date('23-JAN-25','DD-MON-RR'),'15:00','Finalizată',1990305145678,1009,1970912201234,9,9);
Insert into SYSTEM.PROGRAMARE (ID_PROGRAMARE,DATA_PROGRAMARE,ORA_PROGRAMARE,STATUS_PROGRAMARE,CNP_CLIENT,SERIE_SASIU_MASINA,CNP_ANGAJAT,ID_SERVICIU,ID_PROMOTIE) values (10,to_date('24-JAN-25','DD-MON-RR'),'11:00','Confirmată',1970719023456,1010,1950314198765,10,10);
Insert into SYSTEM.PROGRAMARE (ID_PROGRAMARE,DATA_PROGRAMARE,ORA_PROGRAMARE,STATUS_PROGRAMARE,CNP_CLIENT,SERIE_SASIU_MASINA,CNP_ANGAJAT,ID_SERVICIU,ID_PROMOTIE) values (11,to_date('25-JAN-25','DD-MON-RR'),'13:00','Confirmată',1980423034567,1011,1961201135678,11,11);
Insert into SYSTEM.PROGRAMARE (ID_PROGRAMARE,DATA_PROGRAMARE,ORA_PROGRAMARE,STATUS_PROGRAMARE,CNP_CLIENT,SERIE_SASIU_MASINA,CNP_ANGAJAT,ID_SERVICIU,ID_PROMOTIE) values (12,to_date('26-JAN-25','DD-MON-RR'),'17:30','În așteptare',1990812123456,1012,1980902034567,12,12);
Insert into SYSTEM.PROGRAMARE (ID_PROGRAMARE,DATA_PROGRAMARE,ORA_PROGRAMARE,STATUS_PROGRAMARE,CNP_CLIENT,SERIE_SASIU_MASINA,CNP_ANGAJAT,ID_SERVICIU,ID_PROMOTIE) values (13,to_date('27-JAN-25','DD-MON-RR'),'09:00','Finalizată',1960913023456,1013,1970101012346,13,13);
Insert into SYSTEM.PROGRAMARE (ID_PROGRAMARE,DATA_PROGRAMARE,ORA_PROGRAMARE,STATUS_PROGRAMARE,CNP_CLIENT,SERIE_SASIU_MASINA,CNP_ANGAJAT,ID_SERVICIU,ID_PROMOTIE) values (14,to_date('28-JAN-25','DD-MON-RR'),'10:15','Confirmată',1980427134567,1014,1981012045678,14,14);
Insert into SYSTEM.PROGRAMARE (ID_PROGRAMARE,DATA_PROGRAMARE,ORA_PROGRAMARE,STATUS_PROGRAMARE,CNP_CLIENT,SERIE_SASIU_MASINA,CNP_ANGAJAT,ID_SERVICIU,ID_PROMOTIE) values (15,to_date('29-JAN-25','DD-MON-RR'),'14:00','În așteptare',1970603145678,1015,1950401056789,15,15);
Insert into SYSTEM.PROGRAMARE (ID_PROGRAMARE,DATA_PROGRAMARE,ORA_PROGRAMARE,STATUS_PROGRAMARE,CNP_CLIENT,SERIE_SASIU_MASINA,CNP_ANGAJAT,ID_SERVICIU,ID_PROMOTIE) values (16,to_date('30-JAN-25','DD-MON-RR'),'11:30','Finalizată',1990212087654,1016,1980505123456,16,16);
Insert into SYSTEM.PROGRAMARE (ID_PROGRAMARE,DATA_PROGRAMARE,ORA_PROGRAMARE,STATUS_PROGRAMARE,CNP_CLIENT,SERIE_SASIU_MASINA,CNP_ANGAJAT,ID_SERVICIU,ID_PROMOTIE) values (17,to_date('01-FEB-25','DD-MON-RR'),'15:00','Confirmată',1960620145678,1017,1990223045678,17,17);
Insert into SYSTEM.PROGRAMARE (ID_PROGRAMARE,DATA_PROGRAMARE,ORA_PROGRAMARE,STATUS_PROGRAMARE,CNP_CLIENT,SERIE_SASIU_MASINA,CNP_ANGAJAT,ID_SERVICIU,ID_PROMOTIE) values (18,to_date('02-FEB-25','DD-MON-RR'),'09:45','În așteptare',1980513098765,1018,1960707034567,18,18);
Insert into SYSTEM.PROGRAMARE (ID_PROGRAMARE,DATA_PROGRAMARE,ORA_PROGRAMARE,STATUS_PROGRAMARE,CNP_CLIENT,SERIE_SASIU_MASINA,CNP_ANGAJAT,ID_SERVICIU,ID_PROMOTIE) values (19,to_date('03-FEB-25','DD-MON-RR'),'16:30','Finalizată',1990215056789,1019,1980105012346,19,19);
Insert into SYSTEM.PROGRAMARE (ID_PROGRAMARE,DATA_PROGRAMARE,ORA_PROGRAMARE,STATUS_PROGRAMARE,CNP_CLIENT,SERIE_SASIU_MASINA,CNP_ANGAJAT,ID_SERVICIU,ID_PROMOTIE) values (20,to_date('04-FEB-25','DD-MON-RR'),'10:00','Confirmată',1971201054321,1020,1990806045678,20,20);
REM INSERTING into SYSTEM.PROMOTIE
SET DEFINE OFF;
Insert into SYSTEM.PROMOTIE (ID_PROMOTIE,NUME_PROMOTIE,DESCRIERE_PROMOTIE,DATA_INCEPERE_PROMOTIE,DATA_SFARSIT_PROMOTIE,PROCENT_DISCOUNT) values (1,'Promoția iernii','Reducere de 15% la toate produsele',to_date('01-JAN-25','DD-MON-RR'),to_date('31-JAN-25','DD-MON-RR'),15);
Insert into SYSTEM.PROMOTIE (ID_PROMOTIE,NUME_PROMOTIE,DESCRIERE_PROMOTIE,DATA_INCEPERE_PROMOTIE,DATA_SFARSIT_PROMOTIE,PROCENT_DISCOUNT) values (2,'Black Friday','Reducere de 25% la produsele selectate',to_date('27-NOV-25','DD-MON-RR'),to_date('27-NOV-25','DD-MON-RR'),25);
Insert into SYSTEM.PROMOTIE (ID_PROMOTIE,NUME_PROMOTIE,DESCRIERE_PROMOTIE,DATA_INCEPERE_PROMOTIE,DATA_SFARSIT_PROMOTIE,PROCENT_DISCOUNT) values (3,'Promoția primăverii','Reducere de 10% la produse de îngrijire',to_date('01-MAR-25','DD-MON-RR'),to_date('31-MAR-25','DD-MON-RR'),10);
Insert into SYSTEM.PROMOTIE (ID_PROMOTIE,NUME_PROMOTIE,DESCRIERE_PROMOTIE,DATA_INCEPERE_PROMOTIE,DATA_SFARSIT_PROMOTIE,PROCENT_DISCOUNT) values (4,'Promoție de Crăciun','Reducere de 30% la toată gama de produse',to_date('01-DEC-25','DD-MON-RR'),to_date('25-DEC-25','DD-MON-RR'),30);
Insert into SYSTEM.PROMOTIE (ID_PROMOTIE,NUME_PROMOTIE,DESCRIERE_PROMOTIE,DATA_INCEPERE_PROMOTIE,DATA_SFARSIT_PROMOTIE,PROCENT_DISCOUNT) values (5,'Promoția de Paște','Reducere de 20% la toate produsele de sezon',to_date('01-APR-25','DD-MON-RR'),to_date('30-APR-25','DD-MON-RR'),20);
Insert into SYSTEM.PROMOTIE (ID_PROMOTIE,NUME_PROMOTIE,DESCRIERE_PROMOTIE,DATA_INCEPERE_PROMOTIE,DATA_SFARSIT_PROMOTIE,PROCENT_DISCOUNT) values (6,'Promoție de vară','Reducere de 5% la produse de îmbrăcăminte',to_date('01-JUN-25','DD-MON-RR'),to_date('30-JUN-25','DD-MON-RR'),5);
Insert into SYSTEM.PROMOTIE (ID_PROMOTIE,NUME_PROMOTIE,DESCRIERE_PROMOTIE,DATA_INCEPERE_PROMOTIE,DATA_SFARSIT_PROMOTIE,PROCENT_DISCOUNT) values (7,'Promoție aniversară','Reducere de 50% pentru clienții fideli',to_date('14-FEB-25','DD-MON-RR'),to_date('28-FEB-25','DD-MON-RR'),50);
Insert into SYSTEM.PROMOTIE (ID_PROMOTIE,NUME_PROMOTIE,DESCRIERE_PROMOTIE,DATA_INCEPERE_PROMOTIE,DATA_SFARSIT_PROMOTIE,PROCENT_DISCOUNT) values (8,'Promoția de vară','Reducere de 15% la produse electronice',to_date('01-JUL-25','DD-MON-RR'),to_date('31-JUL-25','DD-MON-RR'),15);
Insert into SYSTEM.PROMOTIE (ID_PROMOTIE,NUME_PROMOTIE,DESCRIERE_PROMOTIE,DATA_INCEPERE_PROMOTIE,DATA_SFARSIT_PROMOTIE,PROCENT_DISCOUNT) values (9,'Black Friday 2','Reducere de 40% la laptopuri',to_date('26-NOV-25','DD-MON-RR'),to_date('26-NOV-25','DD-MON-RR'),40);
Insert into SYSTEM.PROMOTIE (ID_PROMOTIE,NUME_PROMOTIE,DESCRIERE_PROMOTIE,DATA_INCEPERE_PROMOTIE,DATA_SFARSIT_PROMOTIE,PROCENT_DISCOUNT) values (10,'Promoția toamnei','Reducere de 10% la produse de decor',to_date('01-OCT-25','DD-MON-RR'),to_date('31-OCT-25','DD-MON-RR'),10);
Insert into SYSTEM.PROMOTIE (ID_PROMOTIE,NUME_PROMOTIE,DESCRIERE_PROMOTIE,DATA_INCEPERE_PROMOTIE,DATA_SFARSIT_PROMOTIE,PROCENT_DISCOUNT) values (11,'Promoția de weekend','Reducere de 5% la orice achiziție de vineri până duminică',to_date('09-JAN-25','DD-MON-RR'),to_date('11-JAN-25','DD-MON-RR'),5);
Insert into SYSTEM.PROMOTIE (ID_PROMOTIE,NUME_PROMOTIE,DESCRIERE_PROMOTIE,DATA_INCEPERE_PROMOTIE,DATA_SFARSIT_PROMOTIE,PROCENT_DISCOUNT) values (12,'Promoția de la început de an','Reducere de 12% la produse selectate',to_date('01-JAN-25','DD-MON-RR'),to_date('15-JAN-25','DD-MON-RR'),12);
Insert into SYSTEM.PROMOTIE (ID_PROMOTIE,NUME_PROMOTIE,DESCRIERE_PROMOTIE,DATA_INCEPERE_PROMOTIE,DATA_SFARSIT_PROMOTIE,PROCENT_DISCOUNT) values (13,'Promoția de vară mare','Reducere de 20% la toate produsele de sezon',to_date('01-JUN-25','DD-MON-RR'),to_date('30-JUN-25','DD-MON-RR'),20);
Insert into SYSTEM.PROMOTIE (ID_PROMOTIE,NUME_PROMOTIE,DESCRIERE_PROMOTIE,DATA_INCEPERE_PROMOTIE,DATA_SFARSIT_PROMOTIE,PROCENT_DISCOUNT) values (14,'Promoția de Crăciun','Reducere de 35% la jocuri și jucării',to_date('01-DEC-25','DD-MON-RR'),to_date('25-DEC-25','DD-MON-RR'),35);
Insert into SYSTEM.PROMOTIE (ID_PROMOTIE,NUME_PROMOTIE,DESCRIERE_PROMOTIE,DATA_INCEPERE_PROMOTIE,DATA_SFARSIT_PROMOTIE,PROCENT_DISCOUNT) values (15,'Black Friday 3','Reducere de 50% la televizoare',to_date('25-NOV-25','DD-MON-RR'),to_date('25-NOV-25','DD-MON-RR'),50);
Insert into SYSTEM.PROMOTIE (ID_PROMOTIE,NUME_PROMOTIE,DESCRIERE_PROMOTIE,DATA_INCEPERE_PROMOTIE,DATA_SFARSIT_PROMOTIE,PROCENT_DISCOUNT) values (16,'Promoția primăvară târzie','Reducere de 18% la produse pentru grădină',to_date('01-MAY-25','DD-MON-RR'),to_date('31-MAY-25','DD-MON-RR'),18);
Insert into SYSTEM.PROMOTIE (ID_PROMOTIE,NUME_PROMOTIE,DESCRIERE_PROMOTIE,DATA_INCEPERE_PROMOTIE,DATA_SFARSIT_PROMOTIE,PROCENT_DISCOUNT) values (17,'Promoție specială','Reducere de 30% la camere de luat vederi',to_date('01-AUG-25','DD-MON-RR'),to_date('15-AUG-25','DD-MON-RR'),30);
Insert into SYSTEM.PROMOTIE (ID_PROMOTIE,NUME_PROMOTIE,DESCRIERE_PROMOTIE,DATA_INCEPERE_PROMOTIE,DATA_SFARSIT_PROMOTIE,PROCENT_DISCOUNT) values (18,'Promoția toamnă târzie','Reducere de 22% la haine de iarnă',to_date('01-OCT-25','DD-MON-RR'),to_date('31-OCT-25','DD-MON-RR'),22);
Insert into SYSTEM.PROMOTIE (ID_PROMOTIE,NUME_PROMOTIE,DESCRIERE_PROMOTIE,DATA_INCEPERE_PROMOTIE,DATA_SFARSIT_PROMOTIE,PROCENT_DISCOUNT) values (19,'Promoția de reduceri mari','Reducere de 40% la toate produsele',to_date('01-SEP-25','DD-MON-RR'),to_date('30-SEP-25','DD-MON-RR'),40);
Insert into SYSTEM.PROMOTIE (ID_PROMOTIE,NUME_PROMOTIE,DESCRIERE_PROMOTIE,DATA_INCEPERE_PROMOTIE,DATA_SFARSIT_PROMOTIE,PROCENT_DISCOUNT) values (20,'Promoție de sezon','Reducere de 10% la aparate electrocasnice',to_date('01-JUL-25','DD-MON-RR'),to_date('31-JUL-25','DD-MON-RR'),10);
REM INSERTING into SYSTEM.SERVICU
SET DEFINE OFF;
Insert into SYSTEM.SERVICU (ID_SERVICIU,NUME_SERVICIU,DESCRIERE_SERVICIU,PRET_SERVICIU,TIP_SERVICIU,DURATA_SERVICIU,ID_PROGRAMARE) values (1,'Spălare exterioară','Spălare exterioară completă a vehiculului cu produse de calitate',50,'Spălare Auto',60,1);
Insert into SYSTEM.SERVICU (ID_SERVICIU,NUME_SERVICIU,DESCRIERE_SERVICIU,PRET_SERVICIU,TIP_SERVICIU,DURATA_SERVICIU,ID_PROGRAMARE) values (2,'Spălare interioară','Curățare completă a interiorului, aspirare și igienizare',80,'Spălare Auto',90,2);
Insert into SYSTEM.SERVICU (ID_SERVICIU,NUME_SERVICIU,DESCRIERE_SERVICIU,PRET_SERVICIU,TIP_SERVICIU,DURATA_SERVICIU,ID_PROGRAMARE) values (3,'Spălare completă','Spălare exterioară și interioară completă',120,'Spălare Auto',120,3);
Insert into SYSTEM.SERVICU (ID_SERVICIU,NUME_SERVICIU,DESCRIERE_SERVICIU,PRET_SERVICIU,TIP_SERVICIU,DURATA_SERVICIU,ID_PROGRAMARE) values (4,'Polish exterior','Polish pentru îmbunătățirea aspectului exterior al vehiculului',150,'Polish Auto',120,4);
Insert into SYSTEM.SERVICU (ID_SERVICIU,NUME_SERVICIU,DESCRIERE_SERVICIU,PRET_SERVICIU,TIP_SERVICIU,DURATA_SERVICIU,ID_PROGRAMARE) values (5,'Curățare motor','Curățare atentă a motorului, eliminarea grăsimii și murdăriei',100,'Curățare Auto',60,5);
Insert into SYSTEM.SERVICU (ID_SERVICIU,NUME_SERVICIU,DESCRIERE_SERVICIU,PRET_SERVICIU,TIP_SERVICIU,DURATA_SERVICIU,ID_PROGRAMARE) values (6,'Decontaminare vopsea','Serviciu de decontaminare a vopselei pentru protecție suplimentară',200,'Polish Auto',180,6);
Insert into SYSTEM.SERVICU (ID_SERVICIU,NUME_SERVICIU,DESCRIERE_SERVICIU,PRET_SERVICIU,TIP_SERVICIU,DURATA_SERVICIU,ID_PROGRAMARE) values (7,'Curățare tapițerie','Curățare și igienizare tapițerie auto, inclusiv scaune și covorașe',90,'Curățare Auto',120,7);
Insert into SYSTEM.SERVICU (ID_SERVICIU,NUME_SERVICIU,DESCRIERE_SERVICIU,PRET_SERVICIU,TIP_SERVICIU,DURATA_SERVICIU,ID_PROGRAMARE) values (8,'Protecție vopsea','Aplicare protecție ceramică pentru o durabilitate îndelungată a vopselei',350,'Protecție Auto',240,8);
Insert into SYSTEM.SERVICU (ID_SERVICIU,NUME_SERVICIU,DESCRIERE_SERVICIU,PRET_SERVICIU,TIP_SERVICIU,DURATA_SERVICIU,ID_PROGRAMARE) values (9,'Spălare auto rapidă','Spălare rapidă exterioară a vehiculului, fără detaliu interior',40,'Spălare Auto',30,9);
Insert into SYSTEM.SERVICU (ID_SERVICIU,NUME_SERVICIU,DESCRIERE_SERVICIU,PRET_SERVICIU,TIP_SERVICIU,DURATA_SERVICIU,ID_PROGRAMARE) values (10,'Dezinfecție interior','Dezinfecție completă a interiorului vehiculului folosind produse speciale',70,'Curățare Auto',60,10);
Insert into SYSTEM.SERVICU (ID_SERVICIU,NUME_SERVICIU,DESCRIERE_SERVICIU,PRET_SERVICIU,TIP_SERVICIU,DURATA_SERVICIU,ID_PROGRAMARE) values (11,'Spălare cu aburi','Spălare exterioară cu aburi pentru o curățare delicată',90,'Spălare Auto',60,11);
Insert into SYSTEM.SERVICU (ID_SERVICIU,NUME_SERVICIU,DESCRIERE_SERVICIU,PRET_SERVICIU,TIP_SERVICIU,DURATA_SERVICIU,ID_PROGRAMARE) values (12,'Curățare jante','Curățare intensă a jantelor, eliminarea murdăriei și depunerilor',50,'Curățare Auto',60,12);
Insert into SYSTEM.SERVICU (ID_SERVICIU,NUME_SERVICIU,DESCRIERE_SERVICIU,PRET_SERVICIU,TIP_SERVICIU,DURATA_SERVICIU,ID_PROGRAMARE) values (13,'Vopsire roti','Vopsire și protecție a roților pentru un aspect nou',120,'Vopsire Auto',120,13);
Insert into SYSTEM.SERVICU (ID_SERVICIU,NUME_SERVICIU,DESCRIERE_SERVICIU,PRET_SERVICIU,TIP_SERVICIU,DURATA_SERVICIU,ID_PROGRAMARE) values (14,'Curățare geamuri','Curățare geamurilor auto, inclusiv eliminarea urmelor de murdărie',30,'Curățare Auto',30,14);
Insert into SYSTEM.SERVICU (ID_SERVICIU,NUME_SERVICIU,DESCRIERE_SERVICIU,PRET_SERVICIU,TIP_SERVICIU,DURATA_SERVICIU,ID_PROGRAMARE) values (16,'Ștergătoare parbriz','Înlocuire și montaj ștergătoare parbriz auto',40,'Reparații Auto',30,15);
Insert into SYSTEM.SERVICU (ID_SERVICIU,NUME_SERVICIU,DESCRIERE_SERVICIU,PRET_SERVICIU,TIP_SERVICIU,DURATA_SERVICIU,ID_PROGRAMARE) values (17,'Curățare compartiment motor','Curățare completă a compartimentului motor, îndepărtarea murdăriei și a grăsimii',80,'Curățare Auto',90,16);
Insert into SYSTEM.SERVICU (ID_SERVICIU,NUME_SERVICIU,DESCRIERE_SERVICIU,PRET_SERVICIU,TIP_SERVICIU,DURATA_SERVICIU,ID_PROGRAMARE) values (19,'Spălare cu șampon','Spălare completă cu șampon auto profesional pentru un luciu intens',60,'Spălare Auto',60,17);
Insert into SYSTEM.SERVICU (ID_SERVICIU,NUME_SERVICIU,DESCRIERE_SERVICIU,PRET_SERVICIU,TIP_SERVICIU,DURATA_SERVICIU,ID_PROGRAMARE) values (20,'Curățare parbriz','Curățare detaliată a parbrizului pentru o vizibilitate mai bună',25,'Curățare Auto',30,18);
--------------------------------------------------------
--  DDL for Index FEEDBACK_PK
--------------------------------------------------------

  CREATE UNIQUE INDEX "SYSTEM"."FEEDBACK_PK" ON "SYSTEM"."FEEDBACK" ("ID_FEEDBACK") 
  PCTFREE 10 INITRANS 2 MAXTRANS 255 COMPUTE STATISTICS 
  STORAGE(INITIAL 65536 NEXT 1048576 MINEXTENTS 1 MAXEXTENTS 2147483645
  PCTINCREASE 0 FREELISTS 1 FREELIST GROUPS 1
  BUFFER_POOL DEFAULT FLASH_CACHE DEFAULT CELL_FLASH_CACHE DEFAULT)
  TABLESPACE "SYSTEM" ;
--------------------------------------------------------
--  DDL for Index ANGAJAT_PK
--------------------------------------------------------

  CREATE UNIQUE INDEX "SYSTEM"."ANGAJAT_PK" ON "SYSTEM"."ANGAJAT" ("CNP_ANGAJAT") 
  PCTFREE 10 INITRANS 2 MAXTRANS 255 COMPUTE STATISTICS 
  STORAGE(INITIAL 65536 NEXT 1048576 MINEXTENTS 1 MAXEXTENTS 2147483645
  PCTINCREASE 0 FREELISTS 1 FREELIST GROUPS 1
  BUFFER_POOL DEFAULT FLASH_CACHE DEFAULT CELL_FLASH_CACHE DEFAULT)
  TABLESPACE "SYSTEM" ;
--------------------------------------------------------
--  DDL for Index CLIENT_PK
--------------------------------------------------------

  CREATE UNIQUE INDEX "SYSTEM"."CLIENT_PK" ON "SYSTEM"."CLIENT" ("CNP_CLIENT") 
  PCTFREE 10 INITRANS 2 MAXTRANS 255 COMPUTE STATISTICS 
  STORAGE(INITIAL 65536 NEXT 1048576 MINEXTENTS 1 MAXEXTENTS 2147483645
  PCTINCREASE 0 FREELISTS 1 FREELIST GROUPS 1
  BUFFER_POOL DEFAULT FLASH_CACHE DEFAULT CELL_FLASH_CACHE DEFAULT)
  TABLESPACE "SYSTEM" ;
--------------------------------------------------------
--  DDL for Index FURNIZOR_PK
--------------------------------------------------------

  CREATE UNIQUE INDEX "SYSTEM"."FURNIZOR_PK" ON "SYSTEM"."FURNIZOR" ("ID_FURNIZOR") 
  PCTFREE 10 INITRANS 2 MAXTRANS 255 COMPUTE STATISTICS 
  STORAGE(INITIAL 65536 NEXT 1048576 MINEXTENTS 1 MAXEXTENTS 2147483645
  PCTINCREASE 0 FREELISTS 1 FREELIST GROUPS 1
  BUFFER_POOL DEFAULT FLASH_CACHE DEFAULT CELL_FLASH_CACHE DEFAULT)
  TABLESPACE "SYSTEM" ;
--------------------------------------------------------
--  DDL for Index INVENTAR_PK
--------------------------------------------------------

  CREATE UNIQUE INDEX "SYSTEM"."INVENTAR_PK" ON "SYSTEM"."INVENTAR" ("ID_INVENTAR") 
  PCTFREE 10 INITRANS 2 MAXTRANS 255 COMPUTE STATISTICS 
  STORAGE(INITIAL 65536 NEXT 1048576 MINEXTENTS 1 MAXEXTENTS 2147483645
  PCTINCREASE 0 FREELISTS 1 FREELIST GROUPS 1
  BUFFER_POOL DEFAULT FLASH_CACHE DEFAULT CELL_FLASH_CACHE DEFAULT)
  TABLESPACE "SYSTEM" ;
--------------------------------------------------------
--  DDL for Index MASINA_PK
--------------------------------------------------------

  CREATE UNIQUE INDEX "SYSTEM"."MASINA_PK" ON "SYSTEM"."MASINA" ("SERIE_SASIU_MASINA") 
  PCTFREE 10 INITRANS 2 MAXTRANS 255 COMPUTE STATISTICS 
  STORAGE(INITIAL 65536 NEXT 1048576 MINEXTENTS 1 MAXEXTENTS 2147483645
  PCTINCREASE 0 FREELISTS 1 FREELIST GROUPS 1
  BUFFER_POOL DEFAULT FLASH_CACHE DEFAULT CELL_FLASH_CACHE DEFAULT)
  TABLESPACE "SYSTEM" ;
--------------------------------------------------------
--  DDL for Index MATERIALE_PK
--------------------------------------------------------

  CREATE UNIQUE INDEX "SYSTEM"."MATERIALE_PK" ON "SYSTEM"."MATERIALE" ("ID_MATERIALE") 
  PCTFREE 10 INITRANS 2 MAXTRANS 255 COMPUTE STATISTICS 
  STORAGE(INITIAL 65536 NEXT 1048576 MINEXTENTS 1 MAXEXTENTS 2147483645
  PCTINCREASE 0 FREELISTS 1 FREELIST GROUPS 1
  BUFFER_POOL DEFAULT FLASH_CACHE DEFAULT CELL_FLASH_CACHE DEFAULT)
  TABLESPACE "SYSTEM" ;
--------------------------------------------------------
--  DDL for Index PLATA_PK
--------------------------------------------------------

  CREATE UNIQUE INDEX "SYSTEM"."PLATA_PK" ON "SYSTEM"."PLATA" ("ID_PLATA") 
  PCTFREE 10 INITRANS 2 MAXTRANS 255 COMPUTE STATISTICS 
  STORAGE(INITIAL 65536 NEXT 1048576 MINEXTENTS 1 MAXEXTENTS 2147483645
  PCTINCREASE 0 FREELISTS 1 FREELIST GROUPS 1
  BUFFER_POOL DEFAULT FLASH_CACHE DEFAULT CELL_FLASH_CACHE DEFAULT)
  TABLESPACE "SYSTEM" ;
--------------------------------------------------------
--  DDL for Index PROGRAMARE_PK
--------------------------------------------------------

  CREATE UNIQUE INDEX "SYSTEM"."PROGRAMARE_PK" ON "SYSTEM"."PROGRAMARE" ("ID_PROGRAMARE") 
  PCTFREE 10 INITRANS 2 MAXTRANS 255 COMPUTE STATISTICS 
  STORAGE(INITIAL 65536 NEXT 1048576 MINEXTENTS 1 MAXEXTENTS 2147483645
  PCTINCREASE 0 FREELISTS 1 FREELIST GROUPS 1
  BUFFER_POOL DEFAULT FLASH_CACHE DEFAULT CELL_FLASH_CACHE DEFAULT)
  TABLESPACE "SYSTEM" ;
--------------------------------------------------------
--  DDL for Index PROMOTIE_PK
--------------------------------------------------------

  CREATE UNIQUE INDEX "SYSTEM"."PROMOTIE_PK" ON "SYSTEM"."PROMOTIE" ("ID_PROMOTIE") 
  PCTFREE 10 INITRANS 2 MAXTRANS 255 COMPUTE STATISTICS 
  STORAGE(INITIAL 65536 NEXT 1048576 MINEXTENTS 1 MAXEXTENTS 2147483645
  PCTINCREASE 0 FREELISTS 1 FREELIST GROUPS 1
  BUFFER_POOL DEFAULT FLASH_CACHE DEFAULT CELL_FLASH_CACHE DEFAULT)
  TABLESPACE "SYSTEM" ;
--------------------------------------------------------
--  DDL for Index SERVICU_PK
--------------------------------------------------------

  CREATE UNIQUE INDEX "SYSTEM"."SERVICU_PK" ON "SYSTEM"."SERVICU" ("ID_SERVICIU") 
  PCTFREE 10 INITRANS 2 MAXTRANS 255 COMPUTE STATISTICS 
  STORAGE(INITIAL 65536 NEXT 1048576 MINEXTENTS 1 MAXEXTENTS 2147483645
  PCTINCREASE 0 FREELISTS 1 FREELIST GROUPS 1
  BUFFER_POOL DEFAULT FLASH_CACHE DEFAULT CELL_FLASH_CACHE DEFAULT)
  TABLESPACE "SYSTEM" ;
--------------------------------------------------------
--  Constraints for Table FEEDBACK
--------------------------------------------------------

  ALTER TABLE "SYSTEM"."FEEDBACK" MODIFY ("ID_FEEDBACK" NOT NULL ENABLE);
  ALTER TABLE "SYSTEM"."FEEDBACK" ADD CONSTRAINT "FEEDBACK_PK" PRIMARY KEY ("ID_FEEDBACK")
  USING INDEX PCTFREE 10 INITRANS 2 MAXTRANS 255 COMPUTE STATISTICS 
  STORAGE(INITIAL 65536 NEXT 1048576 MINEXTENTS 1 MAXEXTENTS 2147483645
  PCTINCREASE 0 FREELISTS 1 FREELIST GROUPS 1
  BUFFER_POOL DEFAULT FLASH_CACHE DEFAULT CELL_FLASH_CACHE DEFAULT)
  TABLESPACE "SYSTEM"  ENABLE;
  ALTER TABLE "SYSTEM"."FEEDBACK" MODIFY ("RATING_FEEDBACK" NOT NULL ENABLE);
  ALTER TABLE "SYSTEM"."FEEDBACK" MODIFY ("COMENTARIU_FEEDBACK" NOT NULL ENABLE);
  ALTER TABLE "SYSTEM"."FEEDBACK" MODIFY ("DATA_FEEDBACK" NOT NULL ENABLE);
--------------------------------------------------------
--  Constraints for Table ANGAJAT
--------------------------------------------------------

  ALTER TABLE "SYSTEM"."ANGAJAT" MODIFY ("CNP_ANGAJAT" NOT NULL ENABLE);
  ALTER TABLE "SYSTEM"."ANGAJAT" ADD CONSTRAINT "ANGAJAT_PK" PRIMARY KEY ("CNP_ANGAJAT")
  USING INDEX PCTFREE 10 INITRANS 2 MAXTRANS 255 COMPUTE STATISTICS 
  STORAGE(INITIAL 65536 NEXT 1048576 MINEXTENTS 1 MAXEXTENTS 2147483645
  PCTINCREASE 0 FREELISTS 1 FREELIST GROUPS 1
  BUFFER_POOL DEFAULT FLASH_CACHE DEFAULT CELL_FLASH_CACHE DEFAULT)
  TABLESPACE "SYSTEM"  ENABLE;
  ALTER TABLE "SYSTEM"."ANGAJAT" MODIFY ("NUME_ANGAJAT" NOT NULL ENABLE);
  ALTER TABLE "SYSTEM"."ANGAJAT" MODIFY ("PREUME_ANGAJAT" NOT NULL ENABLE);
  ALTER TABLE "SYSTEM"."ANGAJAT" MODIFY ("NR_TEL_ANGAJAT" NOT NULL ENABLE);
  ALTER TABLE "SYSTEM"."ANGAJAT" MODIFY ("EMAIL_ANGAJAT" NOT NULL ENABLE);
  ALTER TABLE "SYSTEM"."ANGAJAT" MODIFY ("FUNCTIE_ANGAJAT" NOT NULL ENABLE);
  ALTER TABLE "SYSTEM"."ANGAJAT" MODIFY ("DATA_ANGAJARE" NOT NULL ENABLE);
--------------------------------------------------------
--  Constraints for Table CLIENT
--------------------------------------------------------

  ALTER TABLE "SYSTEM"."CLIENT" MODIFY ("NUME_CLIENT" NOT NULL ENABLE);
  ALTER TABLE "SYSTEM"."CLIENT" MODIFY ("PRENUM_CLIENT" NOT NULL ENABLE);
  ALTER TABLE "SYSTEM"."CLIENT" MODIFY ("NR_TEL_CLIENT" NOT NULL ENABLE);
  ALTER TABLE "SYSTEM"."CLIENT" MODIFY ("EMAIL_CLIENT" NOT NULL ENABLE);
  ALTER TABLE "SYSTEM"."CLIENT" MODIFY ("CNP_CLIENT" NOT NULL ENABLE);
  ALTER TABLE "SYSTEM"."CLIENT" ADD CONSTRAINT "CLIENT_PK" PRIMARY KEY ("CNP_CLIENT")
  USING INDEX PCTFREE 10 INITRANS 2 MAXTRANS 255 COMPUTE STATISTICS 
  STORAGE(INITIAL 65536 NEXT 1048576 MINEXTENTS 1 MAXEXTENTS 2147483645
  PCTINCREASE 0 FREELISTS 1 FREELIST GROUPS 1
  BUFFER_POOL DEFAULT FLASH_CACHE DEFAULT CELL_FLASH_CACHE DEFAULT)
  TABLESPACE "SYSTEM"  ENABLE;
--------------------------------------------------------
--  Constraints for Table FURNIZOR
--------------------------------------------------------

  ALTER TABLE "SYSTEM"."FURNIZOR" MODIFY ("ID_FURNIZOR" NOT NULL ENABLE);
  ALTER TABLE "SYSTEM"."FURNIZOR" ADD CONSTRAINT "FURNIZOR_PK" PRIMARY KEY ("ID_FURNIZOR")
  USING INDEX PCTFREE 10 INITRANS 2 MAXTRANS 255 COMPUTE STATISTICS 
  STORAGE(INITIAL 65536 NEXT 1048576 MINEXTENTS 1 MAXEXTENTS 2147483645
  PCTINCREASE 0 FREELISTS 1 FREELIST GROUPS 1
  BUFFER_POOL DEFAULT FLASH_CACHE DEFAULT CELL_FLASH_CACHE DEFAULT)
  TABLESPACE "SYSTEM"  ENABLE;
--------------------------------------------------------
--  Constraints for Table INVENTAR
--------------------------------------------------------

  ALTER TABLE "SYSTEM"."INVENTAR" MODIFY ("ID_INVENTAR" NOT NULL ENABLE);
  ALTER TABLE "SYSTEM"."INVENTAR" ADD CONSTRAINT "INVENTAR_PK" PRIMARY KEY ("ID_INVENTAR")
  USING INDEX PCTFREE 10 INITRANS 2 MAXTRANS 255 COMPUTE STATISTICS 
  STORAGE(INITIAL 65536 NEXT 1048576 MINEXTENTS 1 MAXEXTENTS 2147483645
  PCTINCREASE 0 FREELISTS 1 FREELIST GROUPS 1
  BUFFER_POOL DEFAULT FLASH_CACHE DEFAULT CELL_FLASH_CACHE DEFAULT)
  TABLESPACE "SYSTEM"  ENABLE;
  ALTER TABLE "SYSTEM"."INVENTAR" MODIFY ("DATA_INVENTAR" NOT NULL ENABLE);
  ALTER TABLE "SYSTEM"."INVENTAR" MODIFY ("STOC_INITIAL" NOT NULL ENABLE);
  ALTER TABLE "SYSTEM"."INVENTAR" MODIFY ("STOC_FINAL" NOT NULL ENABLE);
--------------------------------------------------------
--  Constraints for Table MASINA
--------------------------------------------------------

  ALTER TABLE "SYSTEM"."MASINA" MODIFY ("MARCA_MASINA" NOT NULL ENABLE);
  ALTER TABLE "SYSTEM"."MASINA" MODIFY ("MODEL_MASINA" NOT NULL ENABLE);
  ALTER TABLE "SYSTEM"."MASINA" MODIFY ("NR_INMATRICULARE_MASINA" NOT NULL ENABLE);
  ALTER TABLE "SYSTEM"."MASINA" MODIFY ("SERIE_SASIU_MASINA" NOT NULL ENABLE);
  ALTER TABLE "SYSTEM"."MASINA" ADD CONSTRAINT "MASINA_PK" PRIMARY KEY ("SERIE_SASIU_MASINA")
  USING INDEX PCTFREE 10 INITRANS 2 MAXTRANS 255 COMPUTE STATISTICS 
  STORAGE(INITIAL 65536 NEXT 1048576 MINEXTENTS 1 MAXEXTENTS 2147483645
  PCTINCREASE 0 FREELISTS 1 FREELIST GROUPS 1
  BUFFER_POOL DEFAULT FLASH_CACHE DEFAULT CELL_FLASH_CACHE DEFAULT)
  TABLESPACE "SYSTEM"  ENABLE;
  ALTER TABLE "SYSTEM"."MASINA" MODIFY ("CNP_CLIENT" NOT NULL ENABLE);
--------------------------------------------------------
--  Constraints for Table MATERIALE
--------------------------------------------------------

  ALTER TABLE "SYSTEM"."MATERIALE" MODIFY ("ID_MATERIALE" NOT NULL ENABLE);
  ALTER TABLE "SYSTEM"."MATERIALE" ADD CONSTRAINT "MATERIALE_PK" PRIMARY KEY ("ID_MATERIALE")
  USING INDEX PCTFREE 10 INITRANS 2 MAXTRANS 255 COMPUTE STATISTICS 
  STORAGE(INITIAL 65536 NEXT 1048576 MINEXTENTS 1 MAXEXTENTS 2147483645
  PCTINCREASE 0 FREELISTS 1 FREELIST GROUPS 1
  BUFFER_POOL DEFAULT FLASH_CACHE DEFAULT CELL_FLASH_CACHE DEFAULT)
  TABLESPACE "SYSTEM"  ENABLE;
  ALTER TABLE "SYSTEM"."MATERIALE" MODIFY ("DENUMIRE_MATERIAL" NOT NULL ENABLE);
  ALTER TABLE "SYSTEM"."MATERIALE" MODIFY ("DESCRIERE_MATERIAL" NOT NULL ENABLE);
  ALTER TABLE "SYSTEM"."MATERIALE" MODIFY ("STOC_MATERIAL" NOT NULL ENABLE);
--------------------------------------------------------
--  Constraints for Table PLATA
--------------------------------------------------------

  ALTER TABLE "SYSTEM"."PLATA" MODIFY ("ID_PLATA" NOT NULL ENABLE);
  ALTER TABLE "SYSTEM"."PLATA" ADD CONSTRAINT "PLATA_PK" PRIMARY KEY ("ID_PLATA")
  USING INDEX PCTFREE 10 INITRANS 2 MAXTRANS 255 COMPUTE STATISTICS 
  STORAGE(INITIAL 65536 NEXT 1048576 MINEXTENTS 1 MAXEXTENTS 2147483645
  PCTINCREASE 0 FREELISTS 1 FREELIST GROUPS 1
  BUFFER_POOL DEFAULT FLASH_CACHE DEFAULT CELL_FLASH_CACHE DEFAULT)
  TABLESPACE "SYSTEM"  ENABLE;
--------------------------------------------------------
--  Constraints for Table PROGRAMARE
--------------------------------------------------------

  ALTER TABLE "SYSTEM"."PROGRAMARE" MODIFY ("DATA_PROGRAMARE" NOT NULL ENABLE);
  ALTER TABLE "SYSTEM"."PROGRAMARE" MODIFY ("ORA_PROGRAMARE" NOT NULL ENABLE);
  ALTER TABLE "SYSTEM"."PROGRAMARE" MODIFY ("ID_PROGRAMARE" NOT NULL ENABLE);
  ALTER TABLE "SYSTEM"."PROGRAMARE" ADD CONSTRAINT "PROGRAMARE_PK" PRIMARY KEY ("ID_PROGRAMARE")
  USING INDEX PCTFREE 10 INITRANS 2 MAXTRANS 255 COMPUTE STATISTICS 
  STORAGE(INITIAL 65536 NEXT 1048576 MINEXTENTS 1 MAXEXTENTS 2147483645
  PCTINCREASE 0 FREELISTS 1 FREELIST GROUPS 1
  BUFFER_POOL DEFAULT FLASH_CACHE DEFAULT CELL_FLASH_CACHE DEFAULT)
  TABLESPACE "SYSTEM"  ENABLE;
--------------------------------------------------------
--  Constraints for Table PROMOTIE
--------------------------------------------------------

  ALTER TABLE "SYSTEM"."PROMOTIE" MODIFY ("ID_PROMOTIE" NOT NULL ENABLE);
  ALTER TABLE "SYSTEM"."PROMOTIE" ADD CONSTRAINT "PROMOTIE_PK" PRIMARY KEY ("ID_PROMOTIE")
  USING INDEX PCTFREE 10 INITRANS 2 MAXTRANS 255 COMPUTE STATISTICS 
  STORAGE(INITIAL 65536 NEXT 1048576 MINEXTENTS 1 MAXEXTENTS 2147483645
  PCTINCREASE 0 FREELISTS 1 FREELIST GROUPS 1
  BUFFER_POOL DEFAULT FLASH_CACHE DEFAULT CELL_FLASH_CACHE DEFAULT)
  TABLESPACE "SYSTEM"  ENABLE;
  ALTER TABLE "SYSTEM"."PROMOTIE" MODIFY ("NUME_PROMOTIE" NOT NULL ENABLE);
  ALTER TABLE "SYSTEM"."PROMOTIE" MODIFY ("DESCRIERE_PROMOTIE" NOT NULL ENABLE);
  ALTER TABLE "SYSTEM"."PROMOTIE" MODIFY ("DATA_INCEPERE_PROMOTIE" NOT NULL ENABLE);
  ALTER TABLE "SYSTEM"."PROMOTIE" MODIFY ("DATA_SFARSIT_PROMOTIE" NOT NULL ENABLE);
--------------------------------------------------------
--  Constraints for Table SERVICU
--------------------------------------------------------

  ALTER TABLE "SYSTEM"."SERVICU" MODIFY ("NUME_SERVICIU" NOT NULL ENABLE);
  ALTER TABLE "SYSTEM"."SERVICU" MODIFY ("DESCRIERE_SERVICIU" NOT NULL ENABLE);
  ALTER TABLE "SYSTEM"."SERVICU" MODIFY ("PRET_SERVICIU" NOT NULL ENABLE);
  ALTER TABLE "SYSTEM"."SERVICU" MODIFY ("TIP_SERVICIU" NOT NULL ENABLE);
  ALTER TABLE "SYSTEM"."SERVICU" MODIFY ("ID_SERVICIU" NOT NULL ENABLE);
  ALTER TABLE "SYSTEM"."SERVICU" ADD CONSTRAINT "SERVICU_PK" PRIMARY KEY ("ID_SERVICIU")
  USING INDEX PCTFREE 10 INITRANS 2 MAXTRANS 255 COMPUTE STATISTICS 
  STORAGE(INITIAL 65536 NEXT 1048576 MINEXTENTS 1 MAXEXTENTS 2147483645
  PCTINCREASE 0 FREELISTS 1 FREELIST GROUPS 1
  BUFFER_POOL DEFAULT FLASH_CACHE DEFAULT CELL_FLASH_CACHE DEFAULT)
  TABLESPACE "SYSTEM"  ENABLE;
--------------------------------------------------------
--  Ref Constraints for Table FEEDBACK
--------------------------------------------------------

  ALTER TABLE "SYSTEM"."FEEDBACK" ADD CONSTRAINT "FEEDBACK_FK2" FOREIGN KEY ("ID_PROGRAMARE")
	  REFERENCES "SYSTEM"."PROGRAMARE" ("ID_PROGRAMARE") ENABLE;
  ALTER TABLE "SYSTEM"."FEEDBACK" ADD CONSTRAINT "FEEDBACK_FK1" FOREIGN KEY ("CNP_CLIENT")
	  REFERENCES "SYSTEM"."CLIENT" ("CNP_CLIENT") ENABLE;
--------------------------------------------------------
--  Ref Constraints for Table ANGAJAT
--------------------------------------------------------

  ALTER TABLE "SYSTEM"."ANGAJAT" ADD CONSTRAINT "ANGAJAT_FK1" FOREIGN KEY ("ID_PROGRAMARE")
	  REFERENCES "SYSTEM"."PROGRAMARE" ("ID_PROGRAMARE") ENABLE;
--------------------------------------------------------
--  Ref Constraints for Table INVENTAR
--------------------------------------------------------

  ALTER TABLE "SYSTEM"."INVENTAR" ADD CONSTRAINT "INVENTAR_FK1" FOREIGN KEY ("ID_MATERIALE")
	  REFERENCES "SYSTEM"."MATERIALE" ("ID_MATERIALE") ENABLE;
--------------------------------------------------------
--  Ref Constraints for Table MASINA
--------------------------------------------------------

  ALTER TABLE "SYSTEM"."MASINA" ADD CONSTRAINT "MASINA_FK1" FOREIGN KEY ("CNP_CLIENT")
	  REFERENCES "SYSTEM"."CLIENT" ("CNP_CLIENT") ENABLE;
--------------------------------------------------------
--  Ref Constraints for Table MATERIALE
--------------------------------------------------------

  ALTER TABLE "SYSTEM"."MATERIALE" ADD CONSTRAINT "MATERIALE_FK1" FOREIGN KEY ("ID_FURNIZOR")
	  REFERENCES "SYSTEM"."FURNIZOR" ("ID_FURNIZOR") ENABLE;
--------------------------------------------------------
--  Ref Constraints for Table PLATA
--------------------------------------------------------

  ALTER TABLE "SYSTEM"."PLATA" ADD CONSTRAINT "PLATA_FK2" FOREIGN KEY ("ID_PROGRAMARE")
	  REFERENCES "SYSTEM"."PROGRAMARE" ("ID_PROGRAMARE") ENABLE;
  ALTER TABLE "SYSTEM"."PLATA" ADD CONSTRAINT "PLATA_FK1" FOREIGN KEY ("CNP_CLIENT")
	  REFERENCES "SYSTEM"."CLIENT" ("CNP_CLIENT") ENABLE;
--------------------------------------------------------
--  Ref Constraints for Table PROGRAMARE
--------------------------------------------------------

  ALTER TABLE "SYSTEM"."PROGRAMARE" ADD CONSTRAINT "PROGRAMARE_FK3_ANGAJAT" FOREIGN KEY ("CNP_ANGAJAT")
	  REFERENCES "SYSTEM"."ANGAJAT" ("CNP_ANGAJAT") ENABLE;
  ALTER TABLE "SYSTEM"."PROGRAMARE" ADD CONSTRAINT "PROGRAMARE_FK1_CLIENT" FOREIGN KEY ("CNP_CLIENT")
	  REFERENCES "SYSTEM"."CLIENT" ("CNP_CLIENT") ENABLE;
  ALTER TABLE "SYSTEM"."PROGRAMARE" ADD CONSTRAINT "PROGRAMARE_FK2_MASINA" FOREIGN KEY ("SERIE_SASIU_MASINA")
	  REFERENCES "SYSTEM"."MASINA" ("SERIE_SASIU_MASINA") ENABLE;
  ALTER TABLE "SYSTEM"."PROGRAMARE" ADD CONSTRAINT "PROGRAMARE_FK1" FOREIGN KEY ("ID_PROMOTIE")
	  REFERENCES "SYSTEM"."PROMOTIE" ("ID_PROMOTIE") ENABLE;
--------------------------------------------------------
--  Ref Constraints for Table SERVICU
--------------------------------------------------------

  ALTER TABLE "SYSTEM"."SERVICU" ADD CONSTRAINT "SERVICU_FK1" FOREIGN KEY ("ID_PROGRAMARE")
	  REFERENCES "SYSTEM"."PROGRAMARE" ("ID_PROGRAMARE") ENABLE;
